PRAGMA foreign_keys=OFF;
BEGIN TRANSACTION;
CREATE TABLE "django_migrations" ("id" integer NOT NULL PRIMARY KEY AUTOINCREMENT, "app" varchar(255) NOT NULL, "name" varchar(255) NOT NULL, "applied" datetime NOT NULL);
INSERT INTO "django_migrations" VALUES(1,'contenttypes','0001_initial','2017-06-07 19:49:09.161849');
INSERT INTO "django_migrations" VALUES(2,'auth','0001_initial','2017-06-07 19:49:09.202961');
INSERT INTO "django_migrations" VALUES(3,'admin','0001_initial','2017-06-07 19:49:09.238088');
INSERT INTO "django_migrations" VALUES(4,'admin','0002_logentry_remove_auto_add','2017-06-07 19:49:09.273456');
INSERT INTO "django_migrations" VALUES(5,'contenttypes','0002_remove_content_type_name','2017-06-07 19:49:09.320798');
INSERT INTO "django_migrations" VALUES(6,'auth','0002_alter_permission_name_max_length','2017-06-07 19:49:09.355020');
INSERT INTO "django_migrations" VALUES(7,'auth','0003_alter_user_email_max_length','2017-06-07 19:49:09.392960');
INSERT INTO "django_migrations" VALUES(8,'auth','0004_alter_user_username_opts','2017-06-07 19:49:09.432881');
INSERT INTO "django_migrations" VALUES(9,'auth','0005_alter_user_last_login_null','2017-06-07 19:49:09.482661');
INSERT INTO "django_migrations" VALUES(10,'auth','0006_require_contenttypes_0002','2017-06-07 19:49:09.496321');
INSERT INTO "django_migrations" VALUES(11,'auth','0007_alter_validators_add_error_messages','2017-06-07 19:49:09.531828');
INSERT INTO "django_migrations" VALUES(12,'auth','0008_alter_user_username_max_length','2017-06-07 19:49:09.566382');
INSERT INTO "django_migrations" VALUES(13,'henry','0001_initial','2017-06-07 19:49:09.593768');
INSERT INTO "django_migrations" VALUES(14,'sessions','0001_initial','2017-06-07 19:49:09.621165');
INSERT INTO "django_migrations" VALUES(15,'oauth2_provider','0001_initial','2017-06-19 20:03:05.071376');
INSERT INTO "django_migrations" VALUES(16,'oauth2_provider','0002_08_updates','2017-06-19 20:03:05.140418');
INSERT INTO "django_migrations" VALUES(17,'oauth2_provider','0003_auto_20160316_1503','2017-06-19 20:03:05.184581');
INSERT INTO "django_migrations" VALUES(18,'oauth2_provider','0004_auto_20160525_1623','2017-06-19 20:03:05.256222');
INSERT INTO "django_migrations" VALUES(19,'oauth2_provider','0005_auto_20170514_1141','2017-06-19 20:03:05.502390');
CREATE TABLE "auth_group" ("id" integer NOT NULL PRIMARY KEY AUTOINCREMENT, "name" varchar(80) NOT NULL UNIQUE);
INSERT INTO "auth_group" VALUES(1,'reader');
INSERT INTO "auth_group" VALUES(2,'writer');
INSERT INTO "auth_group" VALUES(3,'refresh');
CREATE TABLE "auth_group_permissions" ("id" integer NOT NULL PRIMARY KEY AUTOINCREMENT, "group_id" integer NOT NULL REFERENCES "auth_group" ("id"), "permission_id" integer NOT NULL REFERENCES "auth_permission" ("id"));
CREATE TABLE "auth_user_groups" ("id" integer NOT NULL PRIMARY KEY AUTOINCREMENT, "user_id" integer NOT NULL REFERENCES "auth_user" ("id"), "group_id" integer NOT NULL REFERENCES "auth_group" ("id"));
INSERT INTO "auth_user_groups" VALUES(2,4,1);
INSERT INTO "auth_user_groups" VALUES(3,5,2);
INSERT INTO "auth_user_groups" VALUES(4,6,1);
INSERT INTO "auth_user_groups" VALUES(5,6,2);
INSERT INTO "auth_user_groups" VALUES(6,6,3);
CREATE TABLE "auth_user_user_permissions" ("id" integer NOT NULL PRIMARY KEY AUTOINCREMENT, "user_id" integer NOT NULL REFERENCES "auth_user" ("id"), "permission_id" integer NOT NULL REFERENCES "auth_permission" ("id"));
CREATE TABLE "django_admin_log" ("id" integer NOT NULL PRIMARY KEY AUTOINCREMENT, "object_id" text NULL, "object_repr" varchar(200) NOT NULL, "action_flag" smallint unsigned NOT NULL, "change_message" text NOT NULL, "content_type_id" integer NULL REFERENCES "django_content_type" ("id"), "user_id" integer NOT NULL REFERENCES "auth_user" ("id"), "action_time" datetime NOT NULL);
INSERT INTO "django_admin_log" VALUES(1,'2','karim',1,'[{"added": {}}]',4,1,'2017-06-12 22:25:23.766551');
INSERT INTO "django_admin_log" VALUES(2,'1','reader',1,'[{"added": {}}]',3,1,'2017-06-12 22:27:00.662353');
INSERT INTO "django_admin_log" VALUES(3,'2','karim',2,'[]',4,1,'2017-06-12 22:44:35.749790');
INSERT INTO "django_admin_log" VALUES(4,'2','writer',1,'[{"added": {}}]',3,1,'2017-08-13 19:56:22.037183');
INSERT INTO "django_admin_log" VALUES(5,'3','user1',1,'[{"added": {}}]',4,1,'2017-08-13 19:59:58.261391');
INSERT INTO "django_admin_log" VALUES(6,'4','user2',1,'[{"added": {}}]',4,1,'2017-08-13 20:00:54.630086');
INSERT INTO "django_admin_log" VALUES(7,'4','user2',2,'[]',4,1,'2017-08-13 20:01:06.316636');
INSERT INTO "django_admin_log" VALUES(8,'2','karim',3,'',4,1,'2017-08-13 20:12:04.207769');
INSERT INTO "django_admin_log" VALUES(9,'5','user3',1,'[{"added": {}}]',4,1,'2017-08-13 20:12:40.373120');
INSERT INTO "django_admin_log" VALUES(10,'5','user3',2,'[]',4,1,'2017-08-13 20:14:30.849261');
INSERT INTO "django_admin_log" VALUES(11,'3','refresh',1,'[{"added": {}}]',3,1,'2017-08-14 05:24:26.794030');
INSERT INTO "django_admin_log" VALUES(12,'6','user4',1,'[{"added": {}}]',4,1,'2017-08-14 05:24:56.308145');
INSERT INTO "django_admin_log" VALUES(13,'6','user4',2,'[]',4,1,'2017-08-14 05:25:14.917168');
CREATE TABLE "django_content_type" ("id" integer NOT NULL PRIMARY KEY AUTOINCREMENT, "app_label" varchar(100) NOT NULL, "model" varchar(100) NOT NULL);
INSERT INTO "django_content_type" VALUES(1,'admin','logentry');
INSERT INTO "django_content_type" VALUES(2,'auth','permission');
INSERT INTO "django_content_type" VALUES(3,'auth','group');
INSERT INTO "django_content_type" VALUES(4,'auth','user');
INSERT INTO "django_content_type" VALUES(5,'contenttypes','contenttype');
INSERT INTO "django_content_type" VALUES(6,'sessions','session');
INSERT INTO "django_content_type" VALUES(7,'henry','dob');
INSERT INTO "django_content_type" VALUES(8,'oauth2_provider','application');
INSERT INTO "django_content_type" VALUES(9,'oauth2_provider','refreshtoken');
INSERT INTO "django_content_type" VALUES(10,'oauth2_provider','grant');
INSERT INTO "django_content_type" VALUES(11,'oauth2_provider','accesstoken');
INSERT INTO "django_content_type" VALUES(12,'corsheaders','corsmodel');
CREATE TABLE "auth_permission" ("id" integer NOT NULL PRIMARY KEY AUTOINCREMENT, "content_type_id" integer NOT NULL REFERENCES "django_content_type" ("id"), "codename" varchar(100) NOT NULL, "name" varchar(255) NOT NULL);
INSERT INTO "auth_permission" VALUES(1,1,'add_logentry','Can add log entry');
INSERT INTO "auth_permission" VALUES(2,1,'change_logentry','Can change log entry');
INSERT INTO "auth_permission" VALUES(3,1,'delete_logentry','Can delete log entry');
INSERT INTO "auth_permission" VALUES(4,2,'add_permission','Can add permission');
INSERT INTO "auth_permission" VALUES(5,2,'change_permission','Can change permission');
INSERT INTO "auth_permission" VALUES(6,2,'delete_permission','Can delete permission');
INSERT INTO "auth_permission" VALUES(7,3,'add_group','Can add group');
INSERT INTO "auth_permission" VALUES(8,3,'change_group','Can change group');
INSERT INTO "auth_permission" VALUES(9,3,'delete_group','Can delete group');
INSERT INTO "auth_permission" VALUES(10,4,'add_user','Can add user');
INSERT INTO "auth_permission" VALUES(11,4,'change_user','Can change user');
INSERT INTO "auth_permission" VALUES(12,4,'delete_user','Can delete user');
INSERT INTO "auth_permission" VALUES(13,5,'add_contenttype','Can add content type');
INSERT INTO "auth_permission" VALUES(14,5,'change_contenttype','Can change content type');
INSERT INTO "auth_permission" VALUES(15,5,'delete_contenttype','Can delete content type');
INSERT INTO "auth_permission" VALUES(16,6,'add_session','Can add session');
INSERT INTO "auth_permission" VALUES(17,6,'change_session','Can change session');
INSERT INTO "auth_permission" VALUES(18,6,'delete_session','Can delete session');
INSERT INTO "auth_permission" VALUES(19,7,'add_dob','Can add dob');
INSERT INTO "auth_permission" VALUES(20,7,'change_dob','Can change dob');
INSERT INTO "auth_permission" VALUES(21,7,'delete_dob','Can delete dob');
INSERT INTO "auth_permission" VALUES(22,8,'add_application','Can add application');
INSERT INTO "auth_permission" VALUES(23,8,'change_application','Can change application');
INSERT INTO "auth_permission" VALUES(24,8,'delete_application','Can delete application');
INSERT INTO "auth_permission" VALUES(25,9,'add_refreshtoken','Can add refresh token');
INSERT INTO "auth_permission" VALUES(26,9,'change_refreshtoken','Can change refresh token');
INSERT INTO "auth_permission" VALUES(27,9,'delete_refreshtoken','Can delete refresh token');
INSERT INTO "auth_permission" VALUES(28,10,'add_grant','Can add grant');
INSERT INTO "auth_permission" VALUES(29,10,'change_grant','Can change grant');
INSERT INTO "auth_permission" VALUES(30,10,'delete_grant','Can delete grant');
INSERT INTO "auth_permission" VALUES(31,11,'add_accesstoken','Can add access token');
INSERT INTO "auth_permission" VALUES(32,11,'change_accesstoken','Can change access token');
INSERT INTO "auth_permission" VALUES(33,11,'delete_accesstoken','Can delete access token');
INSERT INTO "auth_permission" VALUES(34,12,'add_corsmodel','Can add cors model');
INSERT INTO "auth_permission" VALUES(35,12,'change_corsmodel','Can change cors model');
INSERT INTO "auth_permission" VALUES(36,12,'delete_corsmodel','Can delete cors model');
CREATE TABLE "auth_user" ("id" integer NOT NULL PRIMARY KEY AUTOINCREMENT, "password" varchar(128) NOT NULL, "last_login" datetime NULL, "is_superuser" bool NOT NULL, "first_name" varchar(30) NOT NULL, "last_name" varchar(30) NOT NULL, "email" varchar(254) NOT NULL, "is_staff" bool NOT NULL, "is_active" bool NOT NULL, "date_joined" datetime NOT NULL, "username" varchar(150) NOT NULL UNIQUE);
INSERT INTO "auth_user" VALUES(1,'pbkdf2_sha256$36000$IW1wqbj1SNfb$o/oCyFw9PLJJzz0nm1qFsjsaEZEQdWz+qASb8R4yfJA=','2017-08-14 05:23:33.372060',1,'','','henryt@attunix.com',1,1,'2017-06-12 22:23:58.759744','henry');
INSERT INTO "auth_user" VALUES(3,'pbkdf2_sha256$36000$kOC7lMZdq5oZ$7eE1S27a0d4Bw0N6SCGBgKo2x/scT2M7BQ1JjbmQLEI=',NULL,0,'','','',0,1,'2017-08-13 19:59:58.189517','user1');
INSERT INTO "auth_user" VALUES(4,'pbkdf2_sha256$36000$GaoGN0d894xK$rnmh3KMOrtqfzceTEarNOqgy9Cjefpy9SnC0P+0d55E=',NULL,0,'','','',0,1,'2017-08-13 20:00:54','user2');
INSERT INTO "auth_user" VALUES(5,'pbkdf2_sha256$36000$ZifFwBINxF6v$HSNRsmtuxEyHwNUzd7egB2w1SqnQKRmFRMFBbGKWb6s=',NULL,0,'','','',0,1,'2017-08-13 20:12:40','user3');
INSERT INTO "auth_user" VALUES(6,'pbkdf2_sha256$36000$ZFLRUyg35MqX$iWOXu4FPV2zdpAoCX0Atugmt4cf/Qfi9v7/xmGLMoJk=',NULL,0,'','','',0,1,'2017-08-14 05:24:56','user4');
CREATE TABLE "henry_dob" ("id" integer NOT NULL PRIMARY KEY AUTOINCREMENT, "name" varchar(100) NOT NULL, "dob" date NOT NULL);
INSERT INTO "henry_dob" VALUES(3,'nobody3','2017-01-31');
INSERT INTO "henry_dob" VALUES(4,'nobody4','2017-01-31');
INSERT INTO "henry_dob" VALUES(5,'nobody5','2017-01-31');
INSERT INTO "henry_dob" VALUES(6,'nobody6','2017-01-31');
INSERT INTO "henry_dob" VALUES(7,'nobody7','2017-01-31');
INSERT INTO "henry_dob" VALUES(8,'nobody8','2017-01-31');
INSERT INTO "henry_dob" VALUES(9,'nobody9','2017-01-31');
INSERT INTO "henry_dob" VALUES(10,'nobody11','2017-01-31');
CREATE TABLE "django_session" ("session_key" varchar(40) NOT NULL PRIMARY KEY, "session_data" text NOT NULL, "expire_date" datetime NOT NULL);
INSERT INTO "django_session" VALUES('dok9lqe5poi3awz6g298pg076vx4xvyb','NzJiMGQ2NTBhMzMwMGIzNDQyMDdmNDdiZjZkM2FmMzU1M2E1NzhkZTp7Il9hdXRoX3VzZXJfaGFzaCI6ImNkM2FhOTQ0NDM2MDE0MjMxMDNmZjAzOGQ3ZjljZmFiMTNlZWQzNTciLCJfYXV0aF91c2VyX2lkIjoiMSIsIl9hdXRoX3VzZXJfYmFja2VuZCI6ImRqYW5nby5jb250cmliLmF1dGguYmFja2VuZHMuTW9kZWxCYWNrZW5kIn0=','2017-06-26 22:24:37.336115');
INSERT INTO "django_session" VALUES('yu42xg3effoi5nje8yvt90ziaghhv369','MTRjNDdlODg0ZjdiMDVjMTc4MjNmMmFmYjY5YmEzNDA1NWM0YzM0Nzp7Il9hdXRoX3VzZXJfaWQiOiIxIiwiX2F1dGhfdXNlcl9iYWNrZW5kIjoiZGphbmdvLmNvbnRyaWIuYXV0aC5iYWNrZW5kcy5Nb2RlbEJhY2tlbmQiLCJfYXV0aF91c2VyX2hhc2giOiJjZDNhYTk0NDQzNjAxNDIzMTAzZmYwMzhkN2Y5Y2ZhYjEzZWVkMzU3In0=','2017-07-04 17:20:50.957351');
INSERT INTO "django_session" VALUES('4p10kl7n3iqswwbhtml99fcc3hz3yq9p','OTBlM2I5YzJmNGVjNTdmYTk3MTFkZjM3Mjc1MWNiMWVlZGI2NjVhNTp7Il9hdXRoX3VzZXJfaWQiOiIxIiwiX2F1dGhfdXNlcl9oYXNoIjoiY2QzYWE5NDQ0MzYwMTQyMzEwM2ZmMDM4ZDdmOWNmYWIxM2VlZDM1NyIsIl9hdXRoX3VzZXJfYmFja2VuZCI6ImRqYW5nby5jb250cmliLmF1dGguYmFja2VuZHMuTW9kZWxCYWNrZW5kIn0=','2017-08-28 05:23:33.377147');
CREATE TABLE "oauth2_provider_accesstoken" ("id" integer NOT NULL PRIMARY KEY AUTOINCREMENT, "token" varchar(255) NOT NULL UNIQUE, "expires" datetime NOT NULL, "scope" text NOT NULL, "application_id" bigint NULL REFERENCES "oauth2_provider_application" ("id"), "user_id" integer NULL REFERENCES "auth_user" ("id"), "created" datetime NOT NULL, "updated" datetime NOT NULL);
INSERT INTO "oauth2_provider_accesstoken" VALUES(1,'LBIUwPGnLdTBljuMCtys1kT3BxAkTu','2017-06-21 03:22:03.144305','write read',1,1,'2017-06-20 17:22:03.144721','2017-06-20 17:22:03.144737');
INSERT INTO "oauth2_provider_accesstoken" VALUES(2,'NAkqtD8pGFyQ981PZsvdTFyYGgdRAf','2017-06-21 03:29:56.414930','read write',1,1,'2017-06-20 17:29:56.415518','2017-06-20 17:29:56.415537');
INSERT INTO "oauth2_provider_accesstoken" VALUES(3,'LyTWdAViGMoZniSwf3CNODOdr7cHnb','2017-06-21 04:27:55.000121','write read',1,1,'2017-06-20 18:27:55.000632','2017-06-20 18:27:55.000648');
INSERT INTO "oauth2_provider_accesstoken" VALUES(4,'e9F4PsE5aHgOQVWKZNPLevJnpoW5J2','2017-06-21 04:43:17.674941','read write',1,1,'2017-06-20 18:43:17.675386','2017-06-20 18:43:17.675403');
INSERT INTO "oauth2_provider_accesstoken" VALUES(5,'OjTgvll1HnkB8qc8IxrITv4mmwYdkH','2017-06-21 04:46:11.759463','write read',1,1,'2017-06-20 18:46:11.759969','2017-06-20 18:46:11.759985');
INSERT INTO "oauth2_provider_accesstoken" VALUES(6,'CIzA7yPaBnteaFYQYk3Cm9iptoGns5','2017-06-21 04:46:35.362577','write read',1,1,'2017-06-20 18:46:35.363026','2017-06-20 18:46:35.363114');
INSERT INTO "oauth2_provider_accesstoken" VALUES(7,'z2xcRurEMi2NjW9YVCHZPL3KAL3Br9','2017-06-21 04:47:33.316905','read write',1,1,'2017-06-20 18:47:33.317501','2017-06-20 18:47:33.317518');
INSERT INTO "oauth2_provider_accesstoken" VALUES(8,'OqV2WGwpVP7USs4Rarb6LDG7DVbp3J','2017-06-21 04:47:56.577032','write read',1,1,'2017-06-20 18:47:56.577607','2017-06-20 18:47:56.577624');
INSERT INTO "oauth2_provider_accesstoken" VALUES(9,'AqkB31U2SwDRE9wGuO5fw716hAQwvw','2017-06-21 04:48:25.652209','write read',1,1,'2017-06-20 18:48:25.653116','2017-06-20 18:48:25.653133');
INSERT INTO "oauth2_provider_accesstoken" VALUES(10,'cJD2bQgor3q9RjjDMTzjRvpaDWyNAb','2017-06-21 04:48:44.825003','write read',1,1,'2017-06-20 18:48:44.825682','2017-06-20 18:48:44.825699');
INSERT INTO "oauth2_provider_accesstoken" VALUES(11,'D6mYWlirTQ1Pggy9KEt2SjPXSojDoV','2017-06-21 04:49:08.290948','write read',1,1,'2017-06-20 18:49:08.291453','2017-06-20 18:49:08.291468');
INSERT INTO "oauth2_provider_accesstoken" VALUES(12,'tp3qIgT5HRD5cn2wb6wasj2XPycfXs','2017-06-21 04:50:26.659826','write read',1,1,'2017-06-20 18:50:26.660352','2017-06-20 18:50:26.660368');
INSERT INTO "oauth2_provider_accesstoken" VALUES(13,'CeSVUgivTitONzyOLfqvvLRCpPtxXc','2017-06-21 04:50:54.675694','write read',1,1,'2017-06-20 18:50:54.676248','2017-06-20 18:50:54.676266');
INSERT INTO "oauth2_provider_accesstoken" VALUES(14,'XdYmtv6DCwMXqkkL8ZB2zPMVeWY3SO','2017-06-21 04:57:17.347241','write read',1,1,'2017-06-20 18:57:17.347825','2017-06-20 18:57:17.347843');
INSERT INTO "oauth2_provider_accesstoken" VALUES(15,'jmDQMf0J4RvCmd5rAxgmxO71xs1dHE','2017-06-21 04:57:51.541382','write read',1,1,'2017-06-20 18:57:51.541954','2017-06-20 18:57:51.541970');
INSERT INTO "oauth2_provider_accesstoken" VALUES(16,'MSbd9LtaDzCkD75ZAlN9i5w3NLRdkH','2017-06-21 04:58:46.708936','write read',1,1,'2017-06-20 18:58:46.709475','2017-06-20 18:58:46.709492');
INSERT INTO "oauth2_provider_accesstoken" VALUES(17,'4eJqEKUlBwgrLhE8pYOUoGExaVWlh9','2017-06-21 05:01:44.509754','read',1,1,'2017-06-20 19:01:44.510028','2017-06-20 19:01:44.510043');
INSERT INTO "oauth2_provider_accesstoken" VALUES(18,'7Cv5iMPPCZwFpKRNaOsgktlXNOVVAA','2017-06-21 05:02:27.979568','read',1,1,'2017-06-20 19:02:27.980074','2017-06-20 19:02:27.980091');
INSERT INTO "oauth2_provider_accesstoken" VALUES(19,'PNCrrwwqh6vp7fHuwGC0FBWrIevraQ','2017-06-21 05:12:01.483429','read',1,1,'2017-06-20 19:12:01.484041','2017-06-20 19:12:01.484058');
INSERT INTO "oauth2_provider_accesstoken" VALUES(20,'9kUubvi4fabpSkBNT3s1wqe9hkB9Qo','2017-06-21 05:13:22.290784','read',1,1,'2017-06-20 19:13:22.291538','2017-06-20 19:13:22.291556');
INSERT INTO "oauth2_provider_accesstoken" VALUES(21,'fzUir1PsLaXL7x1pUhwKpJI0dG5vDI','2017-06-21 05:18:32.428474','read',1,1,'2017-06-20 19:18:32.429376','2017-06-20 19:18:32.429411');
INSERT INTO "oauth2_provider_accesstoken" VALUES(22,'bAjlNlceX4GifpRtmeYQFx53ZQhlBw','2017-06-21 05:18:47.352370','read',1,1,'2017-06-20 19:18:47.352888','2017-06-20 19:18:47.352903');
INSERT INTO "oauth2_provider_accesstoken" VALUES(23,'qGyGEhylhv99xHM2I2alBEk2JL8yJJ','2017-06-21 05:34:23.765565','read',1,1,'2017-06-20 19:34:23.766189','2017-06-20 19:34:23.766206');
INSERT INTO "oauth2_provider_accesstoken" VALUES(24,'GQnihXQr4EPdz7rqmtJAe0ddm2wUoS','2017-06-21 05:37:03.643775','read',1,1,'2017-06-20 19:37:03.644384','2017-06-20 19:37:03.644402');
INSERT INTO "oauth2_provider_accesstoken" VALUES(25,'hzpiIQy6OFLjDbXqaJFK6OdxzIxPR2','2017-06-21 05:37:24.037406','read',1,1,'2017-06-20 19:37:24.037885','2017-06-20 19:37:24.037901');
INSERT INTO "oauth2_provider_accesstoken" VALUES(26,'5PAMLuxjHdMaFyP5e4py0QHiaoaEfp','2017-06-21 05:37:44.176386','read',1,1,'2017-06-20 19:37:44.177103','2017-06-20 19:37:44.177120');
INSERT INTO "oauth2_provider_accesstoken" VALUES(27,'mHBB7OAtE9m8Dvm3LwoqaR7kmYVRyq','2017-06-21 05:38:19.461713','read',1,1,'2017-06-20 19:38:19.462209','2017-06-20 19:38:19.462225');
INSERT INTO "oauth2_provider_accesstoken" VALUES(28,'7zqMBKqZQorNEVrvVKXtDBd3nD516p','2017-06-21 05:41:08.857514','read',1,1,'2017-06-20 19:41:08.858032','2017-06-20 19:41:08.858049');
INSERT INTO "oauth2_provider_accesstoken" VALUES(29,'4DyKqX0yhfmFu7JrvPpx0xWf6t6bxT','2017-06-21 05:42:37.199703','read',1,1,'2017-06-20 19:42:37.200191','2017-06-20 19:42:37.200207');
INSERT INTO "oauth2_provider_accesstoken" VALUES(30,'R09TGRuDg5EqU779VQd4keln5RPu0f','2017-06-21 07:19:40.926398','read',1,1,'2017-06-20 21:19:40.926896','2017-06-20 21:19:40.926913');
INSERT INTO "oauth2_provider_accesstoken" VALUES(31,'ERR19IULy3cZ7Qv1AICnrzVhk8HMcw','2017-06-21 07:20:15.699798','read',1,1,'2017-06-20 21:20:15.700336','2017-06-20 21:20:15.700352');
INSERT INTO "oauth2_provider_accesstoken" VALUES(249,'JEAAsri45OHof1wXjY1ZQd5YVsf6aW','2017-08-13 21:04:55.722667','read',1,4,'2017-08-13 20:01:35.723707','2017-08-13 20:01:35.723759');
INSERT INTO "oauth2_provider_accesstoken" VALUES(250,'rxlLS18ucBKEQ2Y90U8pAVWrrq41nb','2017-08-13 21:06:02.976790','read',1,4,'2017-08-13 20:02:42.977133','2017-08-13 20:02:42.977155');
INSERT INTO "oauth2_provider_accesstoken" VALUES(251,'lE3fOAPk0R5msDifl98OId5odOuJMi','2017-08-13 21:06:52.754360','read',1,4,'2017-08-13 20:03:32.754753','2017-08-13 20:03:32.754778');
INSERT INTO "oauth2_provider_accesstoken" VALUES(252,'XB473Wuct8I4lnzb5tuazDjX6tyj6k','2017-08-13 21:07:02.179524','read',1,4,'2017-08-13 20:03:42.179851','2017-08-13 20:03:42.179874');
INSERT INTO "oauth2_provider_accesstoken" VALUES(253,'8e9xKsKSP7ZiLTHyixFsRf0Mr231CL','2017-08-13 21:07:34.394137','read',1,4,'2017-08-13 20:04:14.394598','2017-08-13 20:04:14.394620');
INSERT INTO "oauth2_provider_accesstoken" VALUES(254,'gQi40fxtgmq5TBc7vEEVrhFDwwGu8q','2017-08-13 21:07:57.696789','read',1,4,'2017-08-13 20:04:37.697263','2017-08-13 20:04:37.697286');
INSERT INTO "oauth2_provider_accesstoken" VALUES(255,'ncJv55T6oj7FEGx4Aehi6SA54snTA5','2017-08-13 21:09:05.537655','read',1,4,'2017-08-13 20:05:45.538306','2017-08-13 20:05:45.538346');
INSERT INTO "oauth2_provider_accesstoken" VALUES(256,'14sUlrwQM1FJsu2UXqIF4DuO6J6XjJ','2017-08-13 21:09:23.761448','read',1,4,'2017-08-13 20:06:03.761783','2017-08-13 20:06:03.761805');
INSERT INTO "oauth2_provider_accesstoken" VALUES(257,'8ScdMWpY6RIRQiC4rfwSyanhBbU5DI','2017-08-13 21:09:39.411961','read',1,4,'2017-08-13 20:06:19.412294','2017-08-13 20:06:19.412317');
INSERT INTO "oauth2_provider_accesstoken" VALUES(258,'LvVIP30X7yiVOKxCfhHpccASwNzBWX','2017-08-13 21:11:49.982524','read',1,4,'2017-08-13 20:08:29.982865','2017-08-13 20:08:29.982887');
INSERT INTO "oauth2_provider_accesstoken" VALUES(259,'gkwnFnabA5iSjHFgM76sDPVdTwhwV0','2017-08-13 21:13:45.905546','read',1,4,'2017-08-13 20:10:25.905889','2017-08-13 20:10:25.905912');
INSERT INTO "oauth2_provider_accesstoken" VALUES(260,'kC8M55cLcvEkeB18yHnASv7NtP6EjV','2017-08-13 21:13:45.964841','read',1,4,'2017-08-13 20:10:25.965181','2017-08-13 20:10:25.965203');
INSERT INTO "oauth2_provider_accesstoken" VALUES(261,'oJmVX52v9Zk4XAcvYzCfkD4Mi7WSp6','2017-08-13 21:13:55.294731','read',1,4,'2017-08-13 20:10:35.295060','2017-08-13 20:10:35.295082');
INSERT INTO "oauth2_provider_accesstoken" VALUES(262,'JkrL0cmrparYCpq9K3n7qwWuu9Adiy','2017-08-13 21:15:34.637532','read',1,4,'2017-08-13 20:12:14.638014','2017-08-13 20:12:14.638041');
INSERT INTO "oauth2_provider_accesstoken" VALUES(263,'4cxKsY5fgDIJaU51Ki8kCPCihJPE6H','2017-08-13 21:17:25.181449','read',1,4,'2017-08-13 20:14:05.181783','2017-08-13 20:14:05.181806');
INSERT INTO "oauth2_provider_accesstoken" VALUES(264,'8XFHz9D2ZRAWu9cDdoFFfTxtTGyWX2','2017-08-13 21:17:43.668981','read',1,4,'2017-08-13 20:14:23.669318','2017-08-13 20:14:23.669340');
INSERT INTO "oauth2_provider_accesstoken" VALUES(265,'KGQeziCecUG6sJl456uL7enH7Sab7j','2017-08-13 21:17:54.702415','read',1,4,'2017-08-13 20:14:34.702744','2017-08-13 20:14:34.702766');
INSERT INTO "oauth2_provider_accesstoken" VALUES(266,'aYixKyfyrlsHvCAP4LxCK32hNEpLzW','2017-08-13 21:17:54.759459','write',1,5,'2017-08-13 20:14:34.759810','2017-08-13 20:14:34.759833');
INSERT INTO "oauth2_provider_accesstoken" VALUES(267,'q2KAJgh5h9SlZJp9TBlGf1unw6rgam','2017-08-13 21:21:03.930435','read',1,4,'2017-08-13 20:17:43.930768','2017-08-13 20:17:43.930790');
INSERT INTO "oauth2_provider_accesstoken" VALUES(268,'mvr41GKGa36tNqWj7eHgxDBPW5lJCe','2017-08-13 21:21:03.992188','write',1,5,'2017-08-13 20:17:43.992516','2017-08-13 20:17:43.992539');
INSERT INTO "oauth2_provider_accesstoken" VALUES(269,'nCYyKEV2PEXJvXHWqsEKfNnA1ZhPv2','2017-08-13 21:21:20.823029','read',1,4,'2017-08-13 20:18:00.823431','2017-08-13 20:18:00.823456');
INSERT INTO "oauth2_provider_accesstoken" VALUES(270,'Ssj5ACVIxNp7lReusX1Yuhd9D9FCAr','2017-08-13 21:21:20.881144','write',1,5,'2017-08-13 20:18:00.881471','2017-08-13 20:18:00.881493');
INSERT INTO "oauth2_provider_accesstoken" VALUES(271,'LAcXdl7vGtWGiimhUdtAnozoWh6y2o','2017-08-14 06:03:30.727193','read',1,4,'2017-08-14 05:00:10.727676','2017-08-14 05:00:10.727699');
INSERT INTO "oauth2_provider_accesstoken" VALUES(272,'vLJWY7CVxz2j8mJiGuNXp9sTyzCdmT','2017-08-14 06:03:30.782184','write',1,5,'2017-08-14 05:00:10.782517','2017-08-14 05:00:10.782539');
INSERT INTO "oauth2_provider_accesstoken" VALUES(273,'jVT14SZmxZM2CwEloJBpxpDIwoYJBV','2017-08-14 06:05:36.669909','read',1,4,'2017-08-14 05:02:16.670238','2017-08-14 05:02:16.670261');
INSERT INTO "oauth2_provider_accesstoken" VALUES(274,'GZBJ4Vx9Rb2Y5iA1E5crdg5FHrkgqR','2017-08-14 06:05:36.724488','write',1,5,'2017-08-14 05:02:16.724815','2017-08-14 05:02:16.724837');
INSERT INTO "oauth2_provider_accesstoken" VALUES(275,'Y5DHiU6KY9fPFGTfWxbc1J2YwFuJhf','2017-08-14 06:06:20.676779','write',1,5,'2017-08-14 05:03:00.677120','2017-08-14 05:03:00.677143');
INSERT INTO "oauth2_provider_accesstoken" VALUES(276,'SAfyBTq5avhLCgJ6IsXFbg72Ki8CKW','2017-08-14 06:06:20.802921','read',1,4,'2017-08-14 05:03:00.803262','2017-08-14 05:03:00.803285');
INSERT INTO "oauth2_provider_accesstoken" VALUES(277,'MHHMKhcF0jmeD3HXFKphqw50MDSQuh','2017-08-14 06:06:20.856054','write',1,5,'2017-08-14 05:03:00.856385','2017-08-14 05:03:00.856417');
INSERT INTO "oauth2_provider_accesstoken" VALUES(278,'p1sjcHu38q83RVw0x6Fbqi4xw1RKBX','2017-08-14 06:06:31.388798','write',1,5,'2017-08-14 05:03:11.389142','2017-08-14 05:03:11.389165');
INSERT INTO "oauth2_provider_accesstoken" VALUES(279,'UwXUVkp5Fvk0joiCNk0evhZl3oS0M3','2017-08-14 06:06:31.507200','read',1,4,'2017-08-14 05:03:11.507537','2017-08-14 05:03:11.507560');
INSERT INTO "oauth2_provider_accesstoken" VALUES(280,'CyVyFkUNlHuUeA1nrZaz9Fd8pRrZpO','2017-08-14 06:06:31.561112','write',1,5,'2017-08-14 05:03:11.561442','2017-08-14 05:03:11.561465');
INSERT INTO "oauth2_provider_accesstoken" VALUES(281,'xQy5CmwuUyXPRA6hZOE5TJgD2SFmqD','2017-08-14 06:07:45.728408','write',1,5,'2017-08-14 05:04:25.728751','2017-08-14 05:04:25.728773');
INSERT INTO "oauth2_provider_accesstoken" VALUES(282,'BLQE8wMTFDhs7ceEr6hZf2lLE1gy9f','2017-08-14 06:07:45.845525','read',1,4,'2017-08-14 05:04:25.845876','2017-08-14 05:04:25.845898');
INSERT INTO "oauth2_provider_accesstoken" VALUES(283,'PJ4lavcD1dbxisk3p9NNxSaRiFIq23','2017-08-14 06:07:45.900266','write',1,5,'2017-08-14 05:04:25.900666','2017-08-14 05:04:25.900703');
INSERT INTO "oauth2_provider_accesstoken" VALUES(284,'WVZWRMDyfLQMqLAv2ltDILBjLfy2Yx','2017-08-14 06:08:01.000667','write',1,5,'2017-08-14 05:04:41.001011','2017-08-14 05:04:41.001034');
INSERT INTO "oauth2_provider_accesstoken" VALUES(285,'tqLKkksOxYvT4Tf7khvqyPD9oMHy97','2017-08-14 06:08:01.130488','read',1,4,'2017-08-14 05:04:41.130832','2017-08-14 05:04:41.130854');
INSERT INTO "oauth2_provider_accesstoken" VALUES(286,'jXg5Uf04J6MmlslntKY1LHCKRrmnFz','2017-08-14 06:08:01.183217','write',1,5,'2017-08-14 05:04:41.183548','2017-08-14 05:04:41.183571');
INSERT INTO "oauth2_provider_accesstoken" VALUES(287,'TCaOjsstEkZkOLanvBExNrTHmLm3YQ','2017-08-14 06:08:56.687205','write',1,5,'2017-08-14 05:05:36.687680','2017-08-14 05:05:36.687703');
INSERT INTO "oauth2_provider_accesstoken" VALUES(288,'B0j9wg0cqdLqPgp4fYqBiK1tbNFNlR','2017-08-14 06:08:56.808984','read',1,4,'2017-08-14 05:05:36.809312','2017-08-14 05:05:36.809335');
INSERT INTO "oauth2_provider_accesstoken" VALUES(289,'jdtbV66c1S8vsXmpFvOcOFUz8jmHl5','2017-08-14 06:08:56.865363','write',1,5,'2017-08-14 05:05:36.865692','2017-08-14 05:05:36.865714');
INSERT INTO "oauth2_provider_accesstoken" VALUES(290,'YkmQ6pwytMh3CLsjpMI52u8FGbp2JW','2017-08-14 06:09:16.763989','write',1,5,'2017-08-14 05:05:56.764462','2017-08-14 05:05:56.764486');
INSERT INTO "oauth2_provider_accesstoken" VALUES(291,'qg0bBPcZCpewIrKSUy98U2u1xOP3dp','2017-08-14 06:09:16.887007','read',1,4,'2017-08-14 05:05:56.887335','2017-08-14 05:05:56.887358');
INSERT INTO "oauth2_provider_accesstoken" VALUES(292,'YXjkZyE7Xw5vrPG50RBqoaikDwpUR2','2017-08-14 06:09:16.942464','write',1,5,'2017-08-14 05:05:56.942800','2017-08-14 05:05:56.942822');
INSERT INTO "oauth2_provider_accesstoken" VALUES(293,'Csf4sjRIRb67SK73pWHkr5K3CGrp0P','2017-08-14 06:10:36.578452','write',1,5,'2017-08-14 05:07:16.578937','2017-08-14 05:07:16.578961');
INSERT INTO "oauth2_provider_accesstoken" VALUES(294,'tVHeO5Z6sFtSNA7EcOwaTJO8RZRte4','2017-08-14 06:10:36.701631','read',1,4,'2017-08-14 05:07:16.701968','2017-08-14 05:07:16.701990');
INSERT INTO "oauth2_provider_accesstoken" VALUES(295,'3GLnAzbFERX0LgIbRbC1o3Rd3H1zY1','2017-08-14 06:10:36.763396','write',1,5,'2017-08-14 05:07:16.763734','2017-08-14 05:07:16.763757');
INSERT INTO "oauth2_provider_accesstoken" VALUES(296,'V8Nxn51JYaYCJbY2bFRQBbydk1IMHG','2017-08-14 06:12:05.811549','write',1,5,'2017-08-14 05:08:45.812028','2017-08-14 05:08:45.812052');
INSERT INTO "oauth2_provider_accesstoken" VALUES(297,'7RrR3sosHAgSnboOAP0a1mWzfDhzwB','2017-08-14 06:12:05.939365','read',1,4,'2017-08-14 05:08:45.939697','2017-08-14 05:08:45.939720');
INSERT INTO "oauth2_provider_accesstoken" VALUES(298,'DYjaNPMoYpnmD2Iq9kaUyN1eza95vH','2017-08-14 06:12:05.994155','write',1,5,'2017-08-14 05:08:45.994516','2017-08-14 05:08:45.994539');
INSERT INTO "oauth2_provider_accesstoken" VALUES(299,'HNaYyZWYbXaWrazgJk44Pvbvgy6007','2017-08-14 06:12:33.825362','write',1,5,'2017-08-14 05:09:13.825864','2017-08-14 05:09:13.825887');
INSERT INTO "oauth2_provider_accesstoken" VALUES(300,'kdDx0hfUJmc247jzGnKQP3cOrgZyOo','2017-08-14 06:12:33.955511','read',1,4,'2017-08-14 05:09:13.955834','2017-08-14 05:09:13.955856');
INSERT INTO "oauth2_provider_accesstoken" VALUES(301,'1HDDgk1s7duKZPUbpxAfnFbKf3ksXr','2017-08-14 06:12:34.011182','write',1,5,'2017-08-14 05:09:14.011512','2017-08-14 05:09:14.011534');
INSERT INTO "oauth2_provider_accesstoken" VALUES(302,'llvbz60ladtoRpg5yYuKbwgKFimNFb','2017-08-14 06:13:08.584517','write',1,5,'2017-08-14 05:09:48.585048','2017-08-14 05:09:48.585071');
INSERT INTO "oauth2_provider_accesstoken" VALUES(303,'k2ehbNuzJ0ljvrM5gfGbz2JVH7aQRv','2017-08-14 06:13:08.712031','read',1,4,'2017-08-14 05:09:48.712358','2017-08-14 05:09:48.712381');
INSERT INTO "oauth2_provider_accesstoken" VALUES(304,'xucohfQ9XVCTN9CzIt6M07tqj8xiI0','2017-08-14 06:13:08.774612','write',1,5,'2017-08-14 05:09:48.774942','2017-08-14 05:09:48.774965');
INSERT INTO "oauth2_provider_accesstoken" VALUES(305,'9n9E7TdX92s9UKSCASJ2O2ZUJHCnyS','2017-08-14 06:13:36.405334','write',1,5,'2017-08-14 05:10:16.405825','2017-08-14 05:10:16.405849');
INSERT INTO "oauth2_provider_accesstoken" VALUES(306,'JAzfoqhD9wwzPlEn7Kw8tINdjdXTKL','2017-08-14 06:13:36.534763','read',1,4,'2017-08-14 05:10:16.535091','2017-08-14 05:10:16.535114');
INSERT INTO "oauth2_provider_accesstoken" VALUES(307,'Y4ZktfOBYku6DkAJ61TGdzv9dJ0sUo','2017-08-14 06:13:36.588993','write',1,5,'2017-08-14 05:10:16.589317','2017-08-14 05:10:16.589340');
INSERT INTO "oauth2_provider_accesstoken" VALUES(308,'Nc0JOf4E0aamnMXFMQEBtrBb4jsSpF','2017-08-14 06:14:19.338708','write',1,5,'2017-08-14 05:10:59.339226','2017-08-14 05:10:59.339250');
INSERT INTO "oauth2_provider_accesstoken" VALUES(309,'qNNkfIDo78mcVlgjndLaDKsWp0o06a','2017-08-14 06:14:19.465979','read',1,4,'2017-08-14 05:10:59.466324','2017-08-14 05:10:59.466347');
INSERT INTO "oauth2_provider_accesstoken" VALUES(310,'TiRSeeTfbLE0cBFM9BumFUKftb06uX','2017-08-14 06:14:19.521608','write',1,5,'2017-08-14 05:10:59.521954','2017-08-14 05:10:59.521977');
INSERT INTO "oauth2_provider_accesstoken" VALUES(311,'HoIQw6WL8rg9pu4Z8SEtDK7rkgOEwI','2017-08-14 06:15:48.764909','write',1,5,'2017-08-14 05:12:28.765250','2017-08-14 05:12:28.765274');
INSERT INTO "oauth2_provider_accesstoken" VALUES(312,'yjUVXg38vg0WzxRl92MUJ4B4e7qpV7','2017-08-14 06:15:48.892647','read',1,4,'2017-08-14 05:12:28.892988','2017-08-14 05:12:28.893011');
INSERT INTO "oauth2_provider_accesstoken" VALUES(313,'jvSKYhP6X4gTWeBTLSvKdQesbxUzfz','2017-08-14 06:15:48.947396','write',1,5,'2017-08-14 05:12:28.947751','2017-08-14 05:12:28.947775');
INSERT INTO "oauth2_provider_accesstoken" VALUES(314,'W76G1JBpUcFVk7FuQdXkHHgL2WoF9e','2017-08-14 06:18:44.053911','write',1,5,'2017-08-14 05:15:24.054250','2017-08-14 05:15:24.054273');
INSERT INTO "oauth2_provider_accesstoken" VALUES(315,'89G9m8lEMyMWiCc3ay9VKLcjS2vRpV','2017-08-14 06:18:50.576104','write',1,5,'2017-08-14 05:15:30.576443','2017-08-14 05:15:30.576466');
INSERT INTO "oauth2_provider_accesstoken" VALUES(317,'kCzmnRQ3VSXKxVQpzIDLJUvahmz29i','2017-08-14 06:19:16.630877','write',1,5,'2017-08-14 05:15:56.634220','2017-08-14 05:15:56.634245');
INSERT INTO "oauth2_provider_accesstoken" VALUES(319,'oGtS9l6SaZqodShetkUPiOQ9gqgPZR','2017-08-14 06:19:52.479971','write',1,5,'2017-08-14 05:16:32.482847','2017-08-14 05:16:32.482871');
INSERT INTO "oauth2_provider_accesstoken" VALUES(320,'6TkKxcN5rfkVbka0LAz2lKQJoUq4je','2017-08-14 06:19:52.604500','read',1,4,'2017-08-14 05:16:32.604830','2017-08-14 05:16:32.604853');
INSERT INTO "oauth2_provider_accesstoken" VALUES(321,'tn4cB1ePA8jZ4nR6tIf8aZxp1wGjB1','2017-08-14 06:19:52.658088','write',1,5,'2017-08-14 05:16:32.658428','2017-08-14 05:16:32.658451');
INSERT INTO "oauth2_provider_accesstoken" VALUES(323,'0eJ8yZr4jHSYY6WXsh9brG66AbzhBi','2017-08-14 06:20:01.122735','write',1,5,'2017-08-14 05:16:41.125589','2017-08-14 05:16:41.125613');
INSERT INTO "oauth2_provider_accesstoken" VALUES(324,'bCjzP5bnH7vsZCriJlxuUNxMk3OE8C','2017-08-14 06:20:01.260594','read',1,4,'2017-08-14 05:16:41.260923','2017-08-14 05:16:41.260947');
INSERT INTO "oauth2_provider_accesstoken" VALUES(325,'gqL8qM27woGMZFMOxUQnqLM9o1vTuQ','2017-08-14 06:20:01.314777','write',1,5,'2017-08-14 05:16:41.315109','2017-08-14 05:16:41.315132');
INSERT INTO "oauth2_provider_accesstoken" VALUES(327,'jiDy48gLiISPmQekBMgyo8j3NZGwco','2017-08-14 06:20:20.842655','write',1,5,'2017-08-14 05:17:00.845724','2017-08-14 05:17:00.845764');
INSERT INTO "oauth2_provider_accesstoken" VALUES(328,'3DySUcHHvIaoZdiNR0c8zpzMn0fa9J','2017-08-14 06:20:20.961197','read',1,4,'2017-08-14 05:17:00.961527','2017-08-14 05:17:00.961550');
INSERT INTO "oauth2_provider_accesstoken" VALUES(329,'vN2rX49d5SsfqxebMH7qbLcGwVpfRh','2017-08-14 06:20:21.028476','write',1,5,'2017-08-14 05:17:01.028808','2017-08-14 05:17:01.028830');
INSERT INTO "oauth2_provider_accesstoken" VALUES(331,'1DFLCDtHkgmV9kxQLvCTEcnrnGZJ9Q','2017-08-14 06:21:02.928186','write',1,5,'2017-08-14 05:17:42.931208','2017-08-14 05:17:42.931232');
INSERT INTO "oauth2_provider_accesstoken" VALUES(332,'rXdLdW0145N9Luy2qPdK8W0hWXcatv','2017-08-14 06:21:03.048758','read',1,4,'2017-08-14 05:17:43.049087','2017-08-14 05:17:43.049111');
INSERT INTO "oauth2_provider_accesstoken" VALUES(333,'JqDDZz6lmoZek6voBIxKWoulzcqugw','2017-08-14 06:21:03.112974','write',1,5,'2017-08-14 05:17:43.113309','2017-08-14 05:17:43.113330');
INSERT INTO "oauth2_provider_accesstoken" VALUES(335,'sbQjZbeuwmfb9ZpJvKeYOXWpn99qAY','2017-08-14 06:22:36.499056','write',1,5,'2017-08-14 05:19:16.502282','2017-08-14 05:19:16.502306');
INSERT INTO "oauth2_provider_accesstoken" VALUES(336,'8HUv4vTTMzx32nIXnrlbHsRd7qAaJR','2017-08-14 06:22:36.618238','read',1,4,'2017-08-14 05:19:16.618575','2017-08-14 05:19:16.618597');
INSERT INTO "oauth2_provider_accesstoken" VALUES(337,'fT1w6Inw83G9THR06AzCid9n2UVI5i','2017-08-14 06:22:36.671806','write',1,5,'2017-08-14 05:19:16.672143','2017-08-14 05:19:16.672165');
INSERT INTO "oauth2_provider_accesstoken" VALUES(339,'ffTsUiEcVKWhPFH08giubs4f08g5hC','2017-08-14 06:26:51.847589','write',1,5,'2017-08-14 05:26:51.850766','2017-08-14 05:26:51.850790');
INSERT INTO "oauth2_provider_accesstoken" VALUES(340,'qlv474DSB050ONckCVVEFon6u7BHWO','2017-08-14 06:26:51.996869','read',1,4,'2017-08-14 05:26:51.997195','2017-08-14 05:26:51.997219');
INSERT INTO "oauth2_provider_accesstoken" VALUES(341,'XrQ3fURqY9YtijO36mPUPa9CL7mE3l','2017-08-14 06:26:52.056744','write',1,5,'2017-08-14 05:26:52.057093','2017-08-14 05:26:52.057115');
INSERT INTO "oauth2_provider_accesstoken" VALUES(343,'0n37NglcGs8QVcVzhpuf0Sxz3MJL3r','2017-08-14 06:27:16.186109','write',1,5,'2017-08-14 05:27:16.189233','2017-08-14 05:27:16.189259');
INSERT INTO "oauth2_provider_accesstoken" VALUES(344,'Ku9ZnDUEi9VkZjYoYV2TWnov8KIJhK','2017-08-14 06:27:16.324576','read',1,4,'2017-08-14 05:27:16.324904','2017-08-14 05:27:16.324927');
INSERT INTO "oauth2_provider_accesstoken" VALUES(345,'gjc2xtF1ZcNr8sdfKi0RDPeWtdUCAm','2017-08-14 06:27:16.378376','write',1,5,'2017-08-14 05:27:16.378709','2017-08-14 05:27:16.378731');
INSERT INTO "oauth2_provider_accesstoken" VALUES(347,'7qmLLHvErMrZgAoZk4KxiEARseGa1s','2017-08-14 06:27:28.208903','write',1,5,'2017-08-14 05:27:28.211631','2017-08-14 05:27:28.211655');
INSERT INTO "oauth2_provider_accesstoken" VALUES(348,'FXdLSLiwg767EKtLHyJ9jMDFVlPnXK','2017-08-14 06:27:28.328461','read',1,4,'2017-08-14 05:27:28.328786','2017-08-14 05:27:28.328809');
INSERT INTO "oauth2_provider_accesstoken" VALUES(349,'GUI8Eu1VeQnoKGaFqZMvefpGdNrVXv','2017-08-14 06:27:28.383084','write',1,5,'2017-08-14 05:27:28.383411','2017-08-14 05:27:28.383433');
INSERT INTO "oauth2_provider_accesstoken" VALUES(351,'EtPmlXusFcoz3itw3I3OixHry8h6DF','2017-08-14 06:27:53.686333','write',1,5,'2017-08-14 05:27:53.689266','2017-08-14 05:27:53.689291');
INSERT INTO "oauth2_provider_accesstoken" VALUES(352,'hgWnqEyxy0USYVX4Jxm3ChpzwUECbZ','2017-08-14 06:27:53.802354','read',1,4,'2017-08-14 05:27:53.802694','2017-08-14 05:27:53.802718');
INSERT INTO "oauth2_provider_accesstoken" VALUES(353,'56dycJhyY3mXyvhess5tBTVzEjED4q','2017-08-14 06:27:53.855074','write',1,5,'2017-08-14 05:27:53.855717','2017-08-14 05:27:53.855741');
INSERT INTO "oauth2_provider_accesstoken" VALUES(355,'6kSbBr1r1tr3TQqJI9tTvUJ3xjPSKj','2017-08-14 06:28:22.919052','write',1,5,'2017-08-14 05:28:22.922118','2017-08-14 05:28:22.922142');
INSERT INTO "oauth2_provider_accesstoken" VALUES(356,'WRO4I6YMRpMifKLLXuAXswepnqvAGG','2017-08-14 06:28:23.037601','read',1,4,'2017-08-14 05:28:23.037936','2017-08-14 05:28:23.037959');
INSERT INTO "oauth2_provider_accesstoken" VALUES(357,'Kia6gvQbMyY51TeTXxWpbUcGpX2VdK','2017-08-14 06:28:23.093877','write',1,5,'2017-08-14 05:28:23.094215','2017-08-14 05:28:23.094238');
INSERT INTO "oauth2_provider_accesstoken" VALUES(359,'AqcXhJTePOU9jyJnPwZ0isNHdrsQ5e','2017-08-14 06:28:52.713092','write',1,5,'2017-08-14 05:28:52.716280','2017-08-14 05:28:52.716303');
INSERT INTO "oauth2_provider_accesstoken" VALUES(360,'QHopGo4kfcAEUbcrs686GPWO45tzA9','2017-08-14 06:28:52.832599','read',1,4,'2017-08-14 05:28:52.832924','2017-08-14 05:28:52.832946');
INSERT INTO "oauth2_provider_accesstoken" VALUES(361,'v5ihEqJGuDmcXIBmgEEMdT4zsAjZpb','2017-08-14 06:28:52.885977','write',1,5,'2017-08-14 05:28:52.886306','2017-08-14 05:28:52.886329');
INSERT INTO "oauth2_provider_accesstoken" VALUES(362,'9tC5KoiJyj9hu8tXfxgeuoubZSV5H2','2017-08-14 06:30:21.313096','write',1,5,'2017-08-14 05:30:21.313604','2017-08-14 05:30:21.313627');
INSERT INTO "oauth2_provider_accesstoken" VALUES(363,'KdXGpwFDysvX3mswzacENldfXTFS10','2017-08-14 06:30:21.579093','read',1,4,'2017-08-14 05:30:21.579438','2017-08-14 05:30:21.579460');
INSERT INTO "oauth2_provider_accesstoken" VALUES(364,'o1s9lNGo9CCCuraxrPISSAulQ4soRS','2017-08-14 06:30:21.708800','write',1,5,'2017-08-14 05:30:21.709148','2017-08-14 05:30:21.709171');
INSERT INTO "oauth2_provider_accesstoken" VALUES(366,'KXfyFJjOxkfb7O2tr5DslGtFR52cER','2017-08-14 06:30:36.772303','write',1,5,'2017-08-14 05:30:36.775428','2017-08-14 05:30:36.775451');
INSERT INTO "oauth2_provider_accesstoken" VALUES(367,'y7IPXymmP4kK4AR7isLnXOcsmtJ4nT','2017-08-14 06:30:36.966788','read',1,4,'2017-08-14 05:30:36.967111','2017-08-14 05:30:36.967133');
INSERT INTO "oauth2_provider_accesstoken" VALUES(368,'GlVSihtnJWxcVK2jLooqlYmx6g04b8','2017-08-14 06:30:37.021376','write',1,5,'2017-08-14 05:30:37.021764','2017-08-14 05:30:37.021786');
INSERT INTO "oauth2_provider_accesstoken" VALUES(370,'zdQoHrPEtflorm4e3ic6eTeX7FPtAV','2017-08-14 06:31:08.022041','write',1,5,'2017-08-14 05:31:08.025804','2017-08-14 05:31:08.025831');
INSERT INTO "oauth2_provider_accesstoken" VALUES(371,'whnMrsPQ5P0epAmC7J3jWCnNN699o3','2017-08-14 06:31:08.142971','read',1,4,'2017-08-14 05:31:08.143300','2017-08-14 05:31:08.143322');
INSERT INTO "oauth2_provider_accesstoken" VALUES(372,'osv22NhT1XxVITCzxfSEgrMsws1LYx','2017-08-14 06:31:08.196581','write',1,5,'2017-08-14 05:31:08.196913','2017-08-14 05:31:08.196936');
INSERT INTO "oauth2_provider_accesstoken" VALUES(373,'rr0CJRBXYkZmYlnl8ShPDAXxca0Qf4','2017-08-14 06:31:35.978651','write',1,5,'2017-08-14 05:31:35.979128','2017-08-14 05:31:35.979151');
INSERT INTO "oauth2_provider_accesstoken" VALUES(374,'lEIrDVorLsyAUyHqAtxKjxKwEJDLxu','2017-08-14 06:31:36.244525','read',1,4,'2017-08-14 05:31:36.245063','2017-08-14 05:31:36.245119');
INSERT INTO "oauth2_provider_accesstoken" VALUES(375,'e8JFuu6ERVxhJIM4kSl6n2IlJw8ayV','2017-08-14 06:31:36.374031','write',1,5,'2017-08-14 05:31:36.374358','2017-08-14 05:31:36.374380');
INSERT INTO "oauth2_provider_accesstoken" VALUES(377,'HKMiblrvxfhCQZuTNnyRZWK7oNN4Id','2017-08-14 06:31:50.042700','write',1,5,'2017-08-14 05:31:50.045627','2017-08-14 05:31:50.045652');
INSERT INTO "oauth2_provider_accesstoken" VALUES(378,'fkRbfult5bdUrUlBdxfacmT4E713vC','2017-08-14 06:31:50.183440','read',1,4,'2017-08-14 05:31:50.183773','2017-08-14 05:31:50.183797');
INSERT INTO "oauth2_provider_accesstoken" VALUES(379,'4WNNy35FAfX5ekhkCbeozIsLAjcvAq','2017-08-14 06:31:50.238205','write',1,5,'2017-08-14 05:31:50.238893','2017-08-14 05:31:50.238920');
INSERT INTO "oauth2_provider_accesstoken" VALUES(381,'EIcfAKLfuXVbOVrXYuuWLa7kUGbr0F','2017-08-14 06:32:30.388940','write',1,5,'2017-08-14 05:32:30.391914','2017-08-14 05:32:30.391939');
INSERT INTO "oauth2_provider_accesstoken" VALUES(382,'ozyocrGUjCgBRefDRKWbiJqkvwFBMG','2017-08-14 06:32:30.511095','read',1,4,'2017-08-14 05:32:30.511438','2017-08-14 05:32:30.511460');
INSERT INTO "oauth2_provider_accesstoken" VALUES(383,'ySayR3AsBRDMRJinkeoPxsEYr01uoY','2017-08-14 06:32:30.565411','write',1,5,'2017-08-14 05:32:30.565755','2017-08-14 05:32:30.565778');
INSERT INTO "oauth2_provider_accesstoken" VALUES(384,'zlo4QRwqc3jSB2muejTHxfWGGiuMig','2017-08-14 06:33:16.710132','write',1,5,'2017-08-14 05:33:16.710715','2017-08-14 05:33:16.710740');
INSERT INTO "oauth2_provider_accesstoken" VALUES(385,'K871EFZpxr2XAJ7S4hdqjbObDjD5hV','2017-08-14 06:33:16.994041','read',1,4,'2017-08-14 05:33:16.994371','2017-08-14 05:33:16.994393');
INSERT INTO "oauth2_provider_accesstoken" VALUES(386,'u5K4Ps5a2Ff0fbveDVMq418u98DQqF','2017-08-14 06:33:17.135834','write',1,5,'2017-08-14 05:33:17.136174','2017-08-14 05:33:17.136197');
INSERT INTO "oauth2_provider_accesstoken" VALUES(387,'PuTLG33APmP2L6nPJObBfu5f0Q76qL','2017-08-14 06:35:05.271127','write',1,5,'2017-08-14 05:35:05.271600','2017-08-14 05:35:05.271625');
INSERT INTO "oauth2_provider_accesstoken" VALUES(388,'tAXKIEImhT3SlmlFsW1gWfNQOKWlVO','2017-08-14 06:35:05.393747','read',1,4,'2017-08-14 05:35:05.394076','2017-08-14 05:35:05.394099');
INSERT INTO "oauth2_provider_accesstoken" VALUES(389,'eksYUTs9gob4utUekpuBWrMKECFCbt','2017-08-14 06:35:05.448445','write',1,5,'2017-08-14 05:35:05.448836','2017-08-14 05:35:05.448859');
INSERT INTO "oauth2_provider_accesstoken" VALUES(390,'infjSfmmKpElu1XR8980Oo2NCSpGcq','2017-08-14 06:38:14.262602','write',1,5,'2017-08-14 05:38:14.263088','2017-08-14 05:38:14.263112');
INSERT INTO "oauth2_provider_accesstoken" VALUES(391,'zhcyz9bC38XcnJC7i87XJMwsLH2Uic','2017-08-14 06:38:14.380466','read',1,4,'2017-08-14 05:38:14.380812','2017-08-14 05:38:14.380834');
INSERT INTO "oauth2_provider_accesstoken" VALUES(392,'i47F3JPXGJ4nbxn76v7K7CPbYoMOuf','2017-08-14 06:38:14.434246','write',1,5,'2017-08-14 05:38:14.434574','2017-08-14 05:38:14.434596');
INSERT INTO "oauth2_provider_accesstoken" VALUES(393,'DO7YLo0XbrMjXUr1aNIYzZzIwA7XSu','2017-08-14 06:41:43.964481','write',1,6,'2017-08-14 05:41:43.964950','2017-08-14 05:41:43.964973');
INSERT INTO "oauth2_provider_accesstoken" VALUES(394,'V56Sk702LSOmis2Reb7D3hf37adGCc','2017-08-14 06:41:44.234052','read',1,4,'2017-08-14 05:41:44.234583','2017-08-14 05:41:44.234609');
INSERT INTO "oauth2_provider_accesstoken" VALUES(395,'r7ka0ytnx6Isv9VjAWe1dHWwZA3P3s','2017-08-14 06:41:44.361409','write',1,5,'2017-08-14 05:41:44.361760','2017-08-14 05:41:44.361783');
INSERT INTO "oauth2_provider_accesstoken" VALUES(396,'h5IVOmB1cyuXZCmdDQAU6EigimMH5v','2017-08-14 06:42:12.523624','write',1,6,'2017-08-14 05:42:12.524263','2017-08-14 05:42:12.524288');
INSERT INTO "oauth2_provider_accesstoken" VALUES(397,'f4sJ5mv7uR9ZEiC0LiTaqvR9zYSiHr','2017-08-14 06:42:12.640631','read',1,4,'2017-08-14 05:42:12.640957','2017-08-14 05:42:12.640980');
INSERT INTO "oauth2_provider_accesstoken" VALUES(398,'41hR0lBTNMMPFWviEZmhXbMDO16jWe','2017-08-14 06:42:12.696937','write',1,5,'2017-08-14 05:42:12.697263','2017-08-14 05:42:12.697285');
INSERT INTO "oauth2_provider_accesstoken" VALUES(399,'p6lZiO5ncHsgWPqy0pislktTfnARUS','2017-08-14 06:43:37.633216','write',1,6,'2017-08-14 05:43:37.633550','2017-08-14 05:43:37.633573');
INSERT INTO "oauth2_provider_accesstoken" VALUES(400,'uoE87Hbl8UQubbLvJn6ll2XzOJSRBU','2017-08-14 06:43:37.751113','read',1,4,'2017-08-14 05:43:37.751442','2017-08-14 05:43:37.751464');
INSERT INTO "oauth2_provider_accesstoken" VALUES(401,'1mzeVmxPavdJyJPifY1Yx015Fea5AG','2017-08-14 06:43:37.805607','write',1,5,'2017-08-14 05:43:37.805987','2017-08-14 05:43:37.806027');
INSERT INTO "oauth2_provider_accesstoken" VALUES(403,'vZNd0tFaYwGeYt1vswcC8o83fMxsuN','2017-08-14 06:46:02.197910','write',1,6,'2017-08-14 05:46:02.200890','2017-08-14 05:46:02.200914');
INSERT INTO "oauth2_provider_accesstoken" VALUES(404,'iDBVKHmd85kOA7V79TpYoreyksNCwb','2017-08-14 06:46:02.316785','read',1,4,'2017-08-14 05:46:02.317112','2017-08-14 05:46:02.317134');
INSERT INTO "oauth2_provider_accesstoken" VALUES(405,'vevRJgjuQogXommtdSx5z903dErqv9','2017-08-14 06:46:02.375104','write',1,5,'2017-08-14 05:46:02.375446','2017-08-14 05:46:02.375469');
INSERT INTO "oauth2_provider_accesstoken" VALUES(407,'1MBPflEu0cXG4UgOI6JzrSEeFSPwtN','2017-08-14 06:47:13.083030','write',1,6,'2017-08-14 05:47:13.086225','2017-08-14 05:47:13.086248');
INSERT INTO "oauth2_provider_accesstoken" VALUES(408,'CLxl8RgoSoUmBoOCNMzwrcM0eFdq5b','2017-08-14 06:47:13.206345','read',1,4,'2017-08-14 05:47:13.206673','2017-08-14 05:47:13.206695');
INSERT INTO "oauth2_provider_accesstoken" VALUES(409,'rHEb8R6E14QAa6cjMRghQc1U2P6nRO','2017-08-14 06:47:13.264719','write',1,5,'2017-08-14 05:47:13.265057','2017-08-14 05:47:13.265079');
INSERT INTO "oauth2_provider_accesstoken" VALUES(410,'iXJj4wffZydrbhlnem2b4c88x7WTBQ','2017-08-14 06:49:14.743856','write',1,6,'2017-08-14 05:49:14.744361','2017-08-14 05:49:14.744384');
INSERT INTO "oauth2_provider_accesstoken" VALUES(411,'PmsrjmNgbNyuDJxWp5cG90t0b7Odkv','2017-08-14 06:49:15.016090','read',1,4,'2017-08-14 05:49:15.016418','2017-08-14 05:49:15.016440');
INSERT INTO "oauth2_provider_accesstoken" VALUES(412,'KARJJ6rzugYAIzmI3SbTupYlkKgclX','2017-08-14 06:49:15.149955','write',1,5,'2017-08-14 05:49:15.150284','2017-08-14 05:49:15.150306');
INSERT INTO "oauth2_provider_accesstoken" VALUES(414,'Tw43Oi9phI50Mc6PzDZ59PeTBQ797V','2017-08-14 06:49:29.043908','write',1,6,'2017-08-14 05:49:29.046886','2017-08-14 05:49:29.046910');
INSERT INTO "oauth2_provider_accesstoken" VALUES(415,'lvVw4UEWMK6CA4c7dehP5VJ46NiKD3','2017-08-14 06:49:29.164765','read',1,4,'2017-08-14 05:49:29.165104','2017-08-14 05:49:29.165128');
INSERT INTO "oauth2_provider_accesstoken" VALUES(416,'jwkYcTEDyC6m5Iz9yL5tlPEGgglTUv','2017-08-14 06:49:29.221724','write',1,5,'2017-08-14 05:49:29.222066','2017-08-14 05:49:29.222088');
INSERT INTO "oauth2_provider_accesstoken" VALUES(418,'l2AF7wGJGgZKlViT6LfpNNGfW9pxWM','2017-08-14 06:50:33.404007','write',1,6,'2017-08-14 05:50:33.407104','2017-08-14 05:50:33.407128');
INSERT INTO "oauth2_provider_accesstoken" VALUES(419,'V2r8sum76iZfZfYUNOKEI9gIliZOXy','2017-08-14 06:50:33.523788','read',1,4,'2017-08-14 05:50:33.524120','2017-08-14 05:50:33.524143');
INSERT INTO "oauth2_provider_accesstoken" VALUES(420,'TzNjRMQoNCRGN6ZAK3LDLCzKD9EwpR','2017-08-14 06:50:33.578177','write',1,5,'2017-08-14 05:50:33.578509','2017-08-14 05:50:33.578531');
INSERT INTO "oauth2_provider_accesstoken" VALUES(422,'kxSCvgG8a5cpFtLrvZCOuUd5d43Dv5','2017-08-14 06:51:40.379093','write',1,6,'2017-08-14 05:51:40.381946','2017-08-14 05:51:40.381970');
INSERT INTO "oauth2_provider_accesstoken" VALUES(423,'b1YoutAOD1wMd8Ag8vkfYAxkN4w5sV','2017-08-14 06:51:40.499514','read',1,4,'2017-08-14 05:51:40.499842','2017-08-14 05:51:40.499865');
INSERT INTO "oauth2_provider_accesstoken" VALUES(424,'ls9jlptZox7Mc19WD6zXzkzlhh2L8Z','2017-08-14 06:51:40.557016','write',1,5,'2017-08-14 05:51:40.557342','2017-08-14 05:51:40.557365');
INSERT INTO "oauth2_provider_accesstoken" VALUES(426,'M6LnMvvSNRrvwDeXuP9u9zSaYTiqFu','2017-08-14 06:51:51.154019','write',1,6,'2017-08-14 05:51:51.156884','2017-08-14 05:51:51.156909');
INSERT INTO "oauth2_provider_accesstoken" VALUES(427,'NfbFvjaCi0C0Ieolkt9XrLzO7dfbJw','2017-08-14 06:51:51.275903','read',1,4,'2017-08-14 05:51:51.276245','2017-08-14 05:51:51.276269');
INSERT INTO "oauth2_provider_accesstoken" VALUES(428,'gxSuc6sTm5cDsltLkunGKKmJfWx58C','2017-08-14 06:51:51.332031','write',1,5,'2017-08-14 05:51:51.332375','2017-08-14 05:51:51.332397');
INSERT INTO "oauth2_provider_accesstoken" VALUES(430,'MBHa8WRbC41AFe6nfF1cVzGacI9Rlq','2017-08-14 06:52:01.392803','write',1,6,'2017-08-14 05:52:01.395543','2017-08-14 05:52:01.395567');
INSERT INTO "oauth2_provider_accesstoken" VALUES(431,'DyXyMHUnu9FdpFPThOL0OCFIOaXvkX','2017-08-14 06:52:01.512109','read',1,4,'2017-08-14 05:52:01.512443','2017-08-14 05:52:01.512466');
INSERT INTO "oauth2_provider_accesstoken" VALUES(432,'jV1SC429WRrzFOtx5HRtkIPvMRr3L9','2017-08-14 06:52:01.573770','write',1,5,'2017-08-14 05:52:01.574100','2017-08-14 05:52:01.574122');
INSERT INTO "oauth2_provider_accesstoken" VALUES(434,'zK9nAQMVfuaiCVSPkBF630Hm4kNlyL','2017-08-14 06:52:21.745577','write',1,6,'2017-08-14 05:52:21.748469','2017-08-14 05:52:21.748493');
INSERT INTO "oauth2_provider_accesstoken" VALUES(435,'WKaUMBhsUGRIfMkA7GWwoSj5OhQ3Ls','2017-08-14 06:52:21.867431','read',1,4,'2017-08-14 05:52:21.867763','2017-08-14 05:52:21.867786');
INSERT INTO "oauth2_provider_accesstoken" VALUES(436,'M9RTp2a9QHEdtQr5msjrup82LpKbaO','2017-08-14 06:52:21.925226','write',1,5,'2017-08-14 05:52:21.925570','2017-08-14 05:52:21.925592');
INSERT INTO "oauth2_provider_accesstoken" VALUES(438,'4op4HAoB9mjXnRl71y1rJZdjGYY5BN','2017-08-14 06:53:01.137028','write',1,6,'2017-08-14 05:53:01.139877','2017-08-14 05:53:01.139901');
INSERT INTO "oauth2_provider_accesstoken" VALUES(439,'3PlNOBMxemJ6S6anY2A9TyOfR7ufzl','2017-08-14 06:53:01.257246','read',1,4,'2017-08-14 05:53:01.257583','2017-08-14 05:53:01.257606');
INSERT INTO "oauth2_provider_accesstoken" VALUES(440,'50aFCoMkF8VBW1RY7UxJDxZbQRjrzQ','2017-08-14 06:53:01.313821','write',1,5,'2017-08-14 05:53:01.314153','2017-08-14 05:53:01.314176');
INSERT INTO "oauth2_provider_accesstoken" VALUES(442,'0gBo3Me3vyzzETvX0kpOsbXFBXw5k2','2017-08-14 06:54:17.908630','write',1,6,'2017-08-14 05:54:17.911636','2017-08-14 05:54:17.911659');
INSERT INTO "oauth2_provider_accesstoken" VALUES(443,'7NE0z5reMS6vwl7ZpPxgnmTfsohsm4','2017-08-14 06:54:18.029748','read',1,4,'2017-08-14 05:54:18.030082','2017-08-14 05:54:18.030105');
INSERT INTO "oauth2_provider_accesstoken" VALUES(444,'uVTweuioTyf5MXDITn1hiOdjV7V9l3','2017-08-14 06:54:18.089928','write',1,5,'2017-08-14 05:54:18.090256','2017-08-14 05:54:18.090279');
INSERT INTO "oauth2_provider_accesstoken" VALUES(446,'Do3T10ymmZGzUzlgTCfx5zlV8qQA0f','2017-08-14 06:55:11.416242','write',1,6,'2017-08-14 05:55:11.421031','2017-08-14 05:55:11.421072');
INSERT INTO "oauth2_provider_accesstoken" VALUES(447,'IVOUh9uWRvGFPEpLGecOCSkjYLrSFw','2017-08-14 06:55:11.539084','read',1,4,'2017-08-14 05:55:11.539411','2017-08-14 05:55:11.539434');
INSERT INTO "oauth2_provider_accesstoken" VALUES(448,'HwJaZKqYmgmoZ4DxiCls5OCLxyZiC5','2017-08-14 06:55:11.605086','write',1,5,'2017-08-14 05:55:11.605425','2017-08-14 05:55:11.605448');
INSERT INTO "oauth2_provider_accesstoken" VALUES(450,'lJaHxRgVatgFraz0q2EviBset1KPQj','2017-08-14 06:56:13.853337','write',1,6,'2017-08-14 05:56:13.856163','2017-08-14 05:56:13.856187');
INSERT INTO "oauth2_provider_accesstoken" VALUES(451,'anJwgdXUMxmmgivkFGtCqHxQeibkG9','2017-08-14 06:56:13.971275','read',1,4,'2017-08-14 05:56:13.971614','2017-08-14 05:56:13.971637');
INSERT INTO "oauth2_provider_accesstoken" VALUES(452,'7kHTlksFgGU72G2oRBWqwlMDMRgs4v','2017-08-14 06:56:14.027707','write',1,5,'2017-08-14 05:56:14.028034','2017-08-14 05:56:14.028056');
INSERT INTO "oauth2_provider_accesstoken" VALUES(454,'0Gjd7zH4bnPLGMEPSylpVRtudaOd4S','2017-08-14 06:58:00.303357','write',1,6,'2017-08-14 05:58:00.306236','2017-08-14 05:58:00.306261');
INSERT INTO "oauth2_provider_accesstoken" VALUES(455,'uKGErCoaGZF1uHqjHFZOw6p6zNSYnH','2017-08-14 06:58:00.436609','read',1,4,'2017-08-14 05:58:00.437002','2017-08-14 05:58:00.437026');
INSERT INTO "oauth2_provider_accesstoken" VALUES(456,'rBUA9paCYEpwbRlhwqWFB6ZjfOe1IS','2017-08-14 06:58:00.493618','write',1,5,'2017-08-14 05:58:00.493972','2017-08-14 05:58:00.494007');
INSERT INTO "oauth2_provider_accesstoken" VALUES(457,'h8YvYr0nvJ35AolV2yAHRW1tmgnVOm','2017-08-14 06:58:00.548569','write',1,5,'2017-08-14 05:58:00.548884','2017-08-14 05:58:00.548907');
INSERT INTO "oauth2_provider_accesstoken" VALUES(459,'OLaHO6SDsgMR44N05z67P1DB5w426Y','2017-08-14 06:59:14.767373','write',1,6,'2017-08-14 05:59:14.770416','2017-08-14 05:59:14.770440');
INSERT INTO "oauth2_provider_accesstoken" VALUES(460,'1tmlwvrBTGP1HELGAszkKXsP0jFSFM','2017-08-14 06:59:14.914585','read',1,4,'2017-08-14 05:59:14.914912','2017-08-14 05:59:14.914935');
INSERT INTO "oauth2_provider_accesstoken" VALUES(461,'jmi9A5azLa83Uvpr7Tsf7UjXbcRslI','2017-08-14 06:59:14.971984','write',1,5,'2017-08-14 05:59:14.972311','2017-08-14 05:59:14.972334');
INSERT INTO "oauth2_provider_accesstoken" VALUES(462,'0a5d5bvPX4YaXhS7qGt2IBUPA98Kti','2017-08-14 06:59:15.027696','write',1,5,'2017-08-14 05:59:15.028034','2017-08-14 05:59:15.028056');
INSERT INTO "oauth2_provider_accesstoken" VALUES(464,'xYkcWgrdQ6nqmSY6DNoSay7zLgN3pi','2017-08-14 06:59:30.124030','write',1,6,'2017-08-14 05:59:30.126885','2017-08-14 05:59:30.126909');
INSERT INTO "oauth2_provider_accesstoken" VALUES(465,'JxevWNk1bT72Dg0bnokzOWlOkFzvy0','2017-08-14 06:59:30.242215','read',1,4,'2017-08-14 05:59:30.242570','2017-08-14 05:59:30.242593');
INSERT INTO "oauth2_provider_accesstoken" VALUES(466,'OYeqPG3Da3AdeuRq8UG5rJVGYpOqXz','2017-08-14 06:59:30.296697','write',1,5,'2017-08-14 05:59:30.297029','2017-08-14 05:59:30.297052');
INSERT INTO "oauth2_provider_accesstoken" VALUES(467,'I8G7Rm21P3JEbQaoBfOva3jiDKfNmZ','2017-08-14 06:59:30.352144','write',1,5,'2017-08-14 05:59:30.352469','2017-08-14 05:59:30.352491');
INSERT INTO "oauth2_provider_accesstoken" VALUES(469,'SNEvn6QDb4HIlLE5GuT5ezh20hJzZl','2017-08-14 07:06:28.226491','write',1,6,'2017-08-14 06:06:28.229581','2017-08-14 06:06:28.229604');
INSERT INTO "oauth2_provider_accesstoken" VALUES(470,'REGdGH7RoCIlXVJMEFfsfQ7NTQn5Ph','2017-08-14 07:06:28.424494','read',1,4,'2017-08-14 06:06:28.424825','2017-08-14 06:06:28.424846');
INSERT INTO "oauth2_provider_accesstoken" VALUES(471,'9mJTCQklDLsPyNn0XZTaYxeTs54YOs','2017-08-14 07:06:28.554991','write',1,5,'2017-08-14 06:06:28.555332','2017-08-14 06:06:28.555353');
INSERT INTO "oauth2_provider_accesstoken" VALUES(472,'PxyVUdE6jlEdPy2tOayoHeoh9PXY5e','2017-08-14 07:06:28.682908','write',1,5,'2017-08-14 06:06:28.683240','2017-08-14 06:06:28.683262');
INSERT INTO "oauth2_provider_accesstoken" VALUES(474,'mmvQ0MpEEBtVJs8lIThZk1hXH01vnn','2017-08-14 07:06:49.285329','write',1,6,'2017-08-14 06:06:49.288564','2017-08-14 06:06:49.288588');
INSERT INTO "oauth2_provider_accesstoken" VALUES(475,'e6YxbzcrkePaOSTWNHPaBYn13ViyOH','2017-08-14 07:06:49.404764','read',1,4,'2017-08-14 06:06:49.405093','2017-08-14 06:06:49.405115');
INSERT INTO "oauth2_provider_accesstoken" VALUES(476,'nshQUBZfR0khJtyRJd1m3zhP9WdS2x','2017-08-14 07:06:49.461504','write',1,5,'2017-08-14 06:06:49.461887','2017-08-14 06:06:49.461916');
INSERT INTO "oauth2_provider_accesstoken" VALUES(477,'7knqejRk7YuCZg15BeV5LJAbJbZE8t','2017-08-14 07:06:49.529932','write',1,5,'2017-08-14 06:06:49.530261','2017-08-14 06:06:49.530284');
CREATE TABLE "oauth2_provider_application" ("id" integer NOT NULL PRIMARY KEY AUTOINCREMENT, "client_id" varchar(100) NOT NULL UNIQUE, "redirect_uris" text NOT NULL, "client_type" varchar(32) NOT NULL, "authorization_grant_type" varchar(32) NOT NULL, "client_secret" varchar(255) NOT NULL, "name" varchar(255) NOT NULL, "user_id" integer NULL REFERENCES "auth_user" ("id"), "skip_authorization" bool NOT NULL, "created" datetime NOT NULL, "updated" datetime NOT NULL);
INSERT INTO "oauth2_provider_application" VALUES(1,'qgY3mEsFHkewnOeuQ399ssJSBMs1Ws28tsPRTxup','','confidential','password','1F0fMdut68XAI8rA0zmbHeGGkPNrRxvCauYNgzxIqRpl8SXxv8hNEsUvZ34ajclZixFxE0hMsuTLX3jD3xpONlLNsiyhhqL4jctmJ0wJM6nWg1wKd6SwE1x8HgypBIda','henry',1,0,'2017-06-20 17:21:19.106743','2017-06-20 17:21:19.106776');
CREATE TABLE "oauth2_provider_grant" ("id" integer NOT NULL PRIMARY KEY AUTOINCREMENT, "code" varchar(255) NOT NULL UNIQUE, "expires" datetime NOT NULL, "redirect_uri" varchar(255) NOT NULL, "scope" text NOT NULL, "application_id" bigint NOT NULL REFERENCES "oauth2_provider_application" ("id"), "user_id" integer NOT NULL REFERENCES "auth_user" ("id"), "created" datetime NOT NULL, "updated" datetime NOT NULL);
CREATE TABLE "oauth2_provider_refreshtoken" ("id" integer NOT NULL PRIMARY KEY AUTOINCREMENT, "token" varchar(255) NOT NULL UNIQUE, "access_token_id" bigint NOT NULL UNIQUE REFERENCES "oauth2_provider_accesstoken" ("id"), "application_id" bigint NOT NULL REFERENCES "oauth2_provider_application" ("id"), "user_id" integer NOT NULL REFERENCES "auth_user" ("id"), "created" datetime NOT NULL, "updated" datetime NOT NULL);
INSERT INTO "oauth2_provider_refreshtoken" VALUES(1,'YBVQBemSSKtSVqceeAMUsADjH8bCeK',1,1,1,'2017-06-20 17:22:03.146941','2017-06-20 17:22:03.146976');
INSERT INTO "oauth2_provider_refreshtoken" VALUES(2,'PNnhQLuWgMqF2tfUYv1G77DkbRtaIq',2,1,1,'2017-06-20 17:29:56.418096','2017-06-20 17:29:56.418141');
INSERT INTO "oauth2_provider_refreshtoken" VALUES(3,'HYmVKLKNEwYWDQYFTccScYXGwh4Jxx',3,1,1,'2017-06-20 18:27:55.003152','2017-06-20 18:27:55.003184');
INSERT INTO "oauth2_provider_refreshtoken" VALUES(4,'vYewuj5LnBFc9MDudsIsqDyHMWSxgH',4,1,1,'2017-06-20 18:43:17.677849','2017-06-20 18:43:17.677889');
INSERT INTO "oauth2_provider_refreshtoken" VALUES(5,'DHseyVi62g23uFwDQXY597b9mE0OIb',5,1,1,'2017-06-20 18:46:11.762525','2017-06-20 18:46:11.762558');
INSERT INTO "oauth2_provider_refreshtoken" VALUES(6,'1sVyuaTNxyr7mvfhOF7161EVGoy2tg',6,1,1,'2017-06-20 18:46:35.365409','2017-06-20 18:46:35.365456');
INSERT INTO "oauth2_provider_refreshtoken" VALUES(7,'sHbhEEjq3muuksnfuX8rNLIDA1svs9',7,1,1,'2017-06-20 18:47:33.319989','2017-06-20 18:47:33.320022');
INSERT INTO "oauth2_provider_refreshtoken" VALUES(8,'lLYlrB4RdAwbBJG089ZIjFqvU30SSL',8,1,1,'2017-06-20 18:47:56.579960','2017-06-20 18:47:56.580005');
INSERT INTO "oauth2_provider_refreshtoken" VALUES(9,'zxcRqn1T26hBWHTkRwyspldLPdwglu',9,1,1,'2017-06-20 18:48:25.655815','2017-06-20 18:48:25.655861');
INSERT INTO "oauth2_provider_refreshtoken" VALUES(10,'zNqzf2wMojfWf9rfUbkYplFdU7ptpE',10,1,1,'2017-06-20 18:48:44.828115','2017-06-20 18:48:44.828152');
INSERT INTO "oauth2_provider_refreshtoken" VALUES(11,'OzB7LToSrK9fRPPljVEv7ZXYhVbuKk',11,1,1,'2017-06-20 18:49:08.294245','2017-06-20 18:49:08.294279');
INSERT INTO "oauth2_provider_refreshtoken" VALUES(12,'DtedfoF0aeKpIJIJMhOz3Dho4D2I2Y',12,1,1,'2017-06-20 18:50:26.662861','2017-06-20 18:50:26.662904');
INSERT INTO "oauth2_provider_refreshtoken" VALUES(13,'by6Y2xn7VLyrk0icqfiPoeoikvsrtR',13,1,1,'2017-06-20 18:50:54.678706','2017-06-20 18:50:54.678741');
INSERT INTO "oauth2_provider_refreshtoken" VALUES(14,'1SkYj5Ifz1CZ4LLs95QQe0EOI6omEZ',14,1,1,'2017-06-20 18:57:17.349857','2017-06-20 18:57:17.349890');
INSERT INTO "oauth2_provider_refreshtoken" VALUES(15,'Jw1EmQJ6HzehfJqzXsiRpxmyj7me7k',15,1,1,'2017-06-20 18:57:51.544382','2017-06-20 18:57:51.544419');
INSERT INTO "oauth2_provider_refreshtoken" VALUES(16,'reTiwBXUwuHMX4asfBwIZA2AsR88ns',16,1,1,'2017-06-20 18:58:46.712424','2017-06-20 18:58:46.712472');
INSERT INTO "oauth2_provider_refreshtoken" VALUES(17,'szN8iTkQkxVS3kO5EgUoxqt54pM3Pd',17,1,1,'2017-06-20 19:01:44.512373','2017-06-20 19:01:44.512419');
INSERT INTO "oauth2_provider_refreshtoken" VALUES(18,'mHyOKK1b4WubM7QhhhN11oXXL1D6PJ',18,1,1,'2017-06-20 19:02:27.982376','2017-06-20 19:02:27.982410');
INSERT INTO "oauth2_provider_refreshtoken" VALUES(19,'LbrMBb0Ra4kSuWCF6GOZQUaCT0RtRJ',19,1,1,'2017-06-20 19:12:01.486591','2017-06-20 19:12:01.486639');
INSERT INTO "oauth2_provider_refreshtoken" VALUES(20,'ILJknhnwHI7bowt1SoGSD8OPs9K7y3',20,1,1,'2017-06-20 19:13:22.294004','2017-06-20 19:13:22.294036');
INSERT INTO "oauth2_provider_refreshtoken" VALUES(21,'X19N8cgdEWy3thVRDRnYSYOg4asy02',21,1,1,'2017-06-20 19:18:32.432312','2017-06-20 19:18:32.432356');
INSERT INTO "oauth2_provider_refreshtoken" VALUES(22,'JOxzoQnLh6YTL64tj80X9F1qLdPdO1',22,1,1,'2017-06-20 19:18:47.355525','2017-06-20 19:18:47.355558');
INSERT INTO "oauth2_provider_refreshtoken" VALUES(23,'gkRM15W5CpMRFHOenDAfePNGscAMCs',23,1,1,'2017-06-20 19:34:23.768625','2017-06-20 19:34:23.768659');
INSERT INTO "oauth2_provider_refreshtoken" VALUES(24,'ds5cSGgAlfrUGBg4A0LpJhjfA2JWnl',24,1,1,'2017-06-20 19:37:03.646860','2017-06-20 19:37:03.646896');
INSERT INTO "oauth2_provider_refreshtoken" VALUES(25,'Bvv9vzv7p6FiGndtxBMASEEDbsP1MC',25,1,1,'2017-06-20 19:37:24.040207','2017-06-20 19:37:24.040242');
INSERT INTO "oauth2_provider_refreshtoken" VALUES(26,'In06cAwvZnVrpVNEw19jnQcwYfZxss',26,1,1,'2017-06-20 19:37:44.179678','2017-06-20 19:37:44.179711');
INSERT INTO "oauth2_provider_refreshtoken" VALUES(27,'gmO4b6jwyvzPaRreIdoh1GgKMbd3W6',27,1,1,'2017-06-20 19:38:19.464567','2017-06-20 19:38:19.464601');
INSERT INTO "oauth2_provider_refreshtoken" VALUES(28,'dO2QEyPPaIH9ahuDmPl1ZUsnFSdQt9',28,1,1,'2017-06-20 19:41:08.860713','2017-06-20 19:41:08.860748');
INSERT INTO "oauth2_provider_refreshtoken" VALUES(29,'Q68ea44b19GPzYeaNKp72ETCJYv8n7',29,1,1,'2017-06-20 19:42:37.202816','2017-06-20 19:42:37.202861');
INSERT INTO "oauth2_provider_refreshtoken" VALUES(30,'4mdNNWtmSWWK0kKFEodZk0Fsfxka4a',30,1,1,'2017-06-20 21:19:40.929364','2017-06-20 21:19:40.929398');
INSERT INTO "oauth2_provider_refreshtoken" VALUES(31,'lyr4Swgt4ezUEbZhc6hlUJ4HMoXTIT',31,1,1,'2017-06-20 21:20:15.703014','2017-06-20 21:20:15.703060');
INSERT INTO "oauth2_provider_refreshtoken" VALUES(249,'tAqpAvTDmK63BUgu5aYzSn0Mm26D8g',249,1,4,'2017-08-13 20:01:35.724948','2017-08-13 20:01:35.725015');
INSERT INTO "oauth2_provider_refreshtoken" VALUES(250,'n0a1JClTQq77GAInkFvqu0l8ElF6b6',250,1,4,'2017-08-13 20:02:42.977747','2017-08-13 20:02:42.977780');
INSERT INTO "oauth2_provider_refreshtoken" VALUES(251,'hVKIiPCfS9TzLshUcKmgNMOxN7d7Ac',251,1,4,'2017-08-13 20:03:32.755426','2017-08-13 20:03:32.755458');
INSERT INTO "oauth2_provider_refreshtoken" VALUES(252,'vWOHfLUTAHU9QJUNaqzNAQhxL4yKV5',252,1,4,'2017-08-13 20:03:42.180470','2017-08-13 20:03:42.180501');
INSERT INTO "oauth2_provider_refreshtoken" VALUES(253,'YZ46QJPWtgZQNt05RwQwGnzb0R9bXp',253,1,4,'2017-08-13 20:04:14.395378','2017-08-13 20:04:14.395411');
INSERT INTO "oauth2_provider_refreshtoken" VALUES(254,'9ElN7EPFc3GBXyxCbck3tGUU4Ybjua',254,1,4,'2017-08-13 20:04:37.698075','2017-08-13 20:04:37.698108');
INSERT INTO "oauth2_provider_refreshtoken" VALUES(255,'O8DR0fjiLAntl3RGLHIxcnVdY31zNa',255,1,4,'2017-08-13 20:05:45.539556','2017-08-13 20:05:45.539610');
INSERT INTO "oauth2_provider_refreshtoken" VALUES(256,'bwsNh8uyAtco58Qj280cbGurlWawCG',256,1,4,'2017-08-13 20:06:03.762442','2017-08-13 20:06:03.762484');
INSERT INTO "oauth2_provider_refreshtoken" VALUES(257,'7np2ij8J22UbqM3EEMIsdBsmPs2y2x',257,1,4,'2017-08-13 20:06:19.413075','2017-08-13 20:06:19.413127');
INSERT INTO "oauth2_provider_refreshtoken" VALUES(258,'bjvSheC5lMdlzrEwGlE1bKTWu0sGf9',258,1,4,'2017-08-13 20:08:29.983479','2017-08-13 20:08:29.983511');
INSERT INTO "oauth2_provider_refreshtoken" VALUES(259,'8frBfEscOYAq8tgWJn3RNvnO4wsJMW',259,1,4,'2017-08-13 20:10:25.906505','2017-08-13 20:10:25.906537');
INSERT INTO "oauth2_provider_refreshtoken" VALUES(260,'lCkffhTONASjAZVWBQzxRkXjKIxiJo',260,1,4,'2017-08-13 20:10:25.965822','2017-08-13 20:10:25.965855');
INSERT INTO "oauth2_provider_refreshtoken" VALUES(261,'ihd3ewhs0hdU3C3ecLf8CJNaNHWgPJ',261,1,4,'2017-08-13 20:10:35.295700','2017-08-13 20:10:35.295732');
INSERT INTO "oauth2_provider_refreshtoken" VALUES(262,'9z0nnRKhO4O6M2IJavz6Qm4qIZ7Tys',262,1,4,'2017-08-13 20:12:14.639049','2017-08-13 20:12:14.639096');
INSERT INTO "oauth2_provider_refreshtoken" VALUES(263,'r1V3GUzgj4lhdKKh6BHqdEpij1s2dr',263,1,4,'2017-08-13 20:14:05.182501','2017-08-13 20:14:05.182542');
INSERT INTO "oauth2_provider_refreshtoken" VALUES(264,'Ue327bU0yZKbJadXKXLZtaELmVGbSW',264,1,4,'2017-08-13 20:14:23.669935','2017-08-13 20:14:23.669969');
INSERT INTO "oauth2_provider_refreshtoken" VALUES(265,'U987Pn94BR3BafYexy917aruNqFip9',265,1,4,'2017-08-13 20:14:34.703366','2017-08-13 20:14:34.703397');
INSERT INTO "oauth2_provider_refreshtoken" VALUES(266,'bFkQo26LEMOuxUoFFboRpmlg6FAZLA',266,1,5,'2017-08-13 20:14:34.760526','2017-08-13 20:14:34.760567');
INSERT INTO "oauth2_provider_refreshtoken" VALUES(267,'X57vK1XMK3noTuHcDh8Pa4CJrEKicI',267,1,4,'2017-08-13 20:17:43.931390','2017-08-13 20:17:43.931421');
INSERT INTO "oauth2_provider_refreshtoken" VALUES(268,'5AmnFBOSOwb1JNJp8eRGBe9ggZL7Vh',268,1,5,'2017-08-13 20:17:43.993131','2017-08-13 20:17:43.993163');
INSERT INTO "oauth2_provider_refreshtoken" VALUES(269,'Hdx8wcbrkWgx6gNP0JxG7LBrB4NqZG',269,1,4,'2017-08-13 20:18:00.824531','2017-08-13 20:18:00.824605');
INSERT INTO "oauth2_provider_refreshtoken" VALUES(270,'9thAn997UZcCOgQQ6TQ2RJP0MZnIMR',270,1,5,'2017-08-13 20:18:00.882099','2017-08-13 20:18:00.882130');
INSERT INTO "oauth2_provider_refreshtoken" VALUES(271,'wW6etIXIOeJJ3CZ0w7E7O1J2K6yoky',271,1,4,'2017-08-14 05:00:10.728459','2017-08-14 05:00:10.728493');
INSERT INTO "oauth2_provider_refreshtoken" VALUES(272,'EyXq9g91cmSu5ibK035FIZWTRwhHfB',272,1,5,'2017-08-14 05:00:10.783118','2017-08-14 05:00:10.783150');
INSERT INTO "oauth2_provider_refreshtoken" VALUES(273,'Qv5LKLKvpev1LUvD26mboQCLsCixMU',273,1,4,'2017-08-14 05:02:16.670853','2017-08-14 05:02:16.670885');
INSERT INTO "oauth2_provider_refreshtoken" VALUES(274,'qJ88xE5zGf9nnlBEnko8VVDohwb6DB',274,1,5,'2017-08-14 05:02:16.725417','2017-08-14 05:02:16.725450');
INSERT INTO "oauth2_provider_refreshtoken" VALUES(275,'PST2B2DLyiIExCKhAPBh2kOSEC0umh',275,1,5,'2017-08-14 05:03:00.677716','2017-08-14 05:03:00.677758');
INSERT INTO "oauth2_provider_refreshtoken" VALUES(276,'5KkVIxLXuS5MmXinW3vyjyMyp21grw',276,1,4,'2017-08-14 05:03:00.803891','2017-08-14 05:03:00.803922');
INSERT INTO "oauth2_provider_refreshtoken" VALUES(277,'JIGfTtW5Uo3vBLMlXWVKW3MGikItUU',277,1,5,'2017-08-14 05:03:00.857054','2017-08-14 05:03:00.857087');
INSERT INTO "oauth2_provider_refreshtoken" VALUES(278,'O1AhrBHfmnXf3w4X8yb72JDNb2q71S',278,1,5,'2017-08-14 05:03:11.389749','2017-08-14 05:03:11.389781');
INSERT INTO "oauth2_provider_refreshtoken" VALUES(279,'IlEJiS98FJvmfBeHuEE334BIOBIp2P',279,1,4,'2017-08-14 05:03:11.508144','2017-08-14 05:03:11.508175');
INSERT INTO "oauth2_provider_refreshtoken" VALUES(280,'25u7ZZOLW4aIwCfFOj0FOKoLHSd2QS',280,1,5,'2017-08-14 05:03:11.562073','2017-08-14 05:03:11.562107');
INSERT INTO "oauth2_provider_refreshtoken" VALUES(281,'7EzN4QeinLbDptTOdvi9udbH3KcuQS',281,1,5,'2017-08-14 05:04:25.729364','2017-08-14 05:04:25.729396');
INSERT INTO "oauth2_provider_refreshtoken" VALUES(282,'WSYDAwtccc42agiPCBrxiEBvaXV8LK',282,1,4,'2017-08-14 05:04:25.846466','2017-08-14 05:04:25.846497');
INSERT INTO "oauth2_provider_refreshtoken" VALUES(283,'qcFjkk9NRAQUO1Vqkvt6H2LhqxUJcy',283,1,5,'2017-08-14 05:04:25.901539','2017-08-14 05:04:25.901579');
INSERT INTO "oauth2_provider_refreshtoken" VALUES(284,'82f7btmqKfbCWtKciX52oFos4zZJya',284,1,5,'2017-08-14 05:04:41.001612','2017-08-14 05:04:41.001644');
INSERT INTO "oauth2_provider_refreshtoken" VALUES(285,'rkVwyZ1Sty4uh5o07hHve7rQwWvhuO',285,1,4,'2017-08-14 05:04:41.131434','2017-08-14 05:04:41.131465');
INSERT INTO "oauth2_provider_refreshtoken" VALUES(286,'gvu3wY4PkBMuST8Ay8mDsuM6ugB18G',286,1,5,'2017-08-14 05:04:41.184149','2017-08-14 05:04:41.184180');
INSERT INTO "oauth2_provider_refreshtoken" VALUES(287,'SMwv0kd2VxIQXfzxpYe4znyf9zEgw4',287,1,5,'2017-08-14 05:05:36.688538','2017-08-14 05:05:36.688578');
INSERT INTO "oauth2_provider_refreshtoken" VALUES(288,'HItYJJTykzejz0Ziu72oULCHZ8G7xn',288,1,4,'2017-08-14 05:05:36.809939','2017-08-14 05:05:36.809970');
INSERT INTO "oauth2_provider_refreshtoken" VALUES(289,'TSKLzOXUpRp1bF9uRSeeRpWdms3zbD',289,1,5,'2017-08-14 05:05:36.866310','2017-08-14 05:05:36.866343');
INSERT INTO "oauth2_provider_refreshtoken" VALUES(290,'TcvisbCzwjauLnaZZTrs63ZwAyPYSH',290,1,5,'2017-08-14 05:05:56.765273','2017-08-14 05:05:56.765307');
INSERT INTO "oauth2_provider_refreshtoken" VALUES(291,'8DlwMEY4bqLLBOhe0Y6M8QEDUKVu5r',291,1,4,'2017-08-14 05:05:56.887942','2017-08-14 05:05:56.887975');
INSERT INTO "oauth2_provider_refreshtoken" VALUES(292,'HSX8LtnPRJXcF7NgTNDuNCAxQkflyn',292,1,5,'2017-08-14 05:05:56.943410','2017-08-14 05:05:56.943446');
INSERT INTO "oauth2_provider_refreshtoken" VALUES(293,'n7NFqCJzfll09HmoHbLaQmO9vp2aJX',293,1,5,'2017-08-14 05:07:16.579719','2017-08-14 05:07:16.579753');
INSERT INTO "oauth2_provider_refreshtoken" VALUES(294,'kvYa71Hg0PYkoP5LzTCbKhAPjpPswS',294,1,4,'2017-08-14 05:07:16.702596','2017-08-14 05:07:16.702629');
INSERT INTO "oauth2_provider_refreshtoken" VALUES(295,'ZIsE1qmBIMklTOCwkQhuHvdKSgebZY',295,1,5,'2017-08-14 05:07:16.764349','2017-08-14 05:07:16.764381');
INSERT INTO "oauth2_provider_refreshtoken" VALUES(296,'fVsJh9mcEIBEXKfSQaWrVTEqppIO2f',296,1,5,'2017-08-14 05:08:45.812910','2017-08-14 05:08:45.812945');
INSERT INTO "oauth2_provider_refreshtoken" VALUES(297,'VhhRAiC9TocZgL24tuMKpNkNNlQbig',297,1,4,'2017-08-14 05:08:45.940331','2017-08-14 05:08:45.940363');
INSERT INTO "oauth2_provider_refreshtoken" VALUES(298,'lSQTJG6bY1MXLOwjIpwCfVZq77n3qb',298,1,5,'2017-08-14 05:08:45.995185','2017-08-14 05:08:45.995221');
INSERT INTO "oauth2_provider_refreshtoken" VALUES(299,'lN4FuXhj3P0LplY9KCFEBI248mCmuS',299,1,5,'2017-08-14 05:09:13.826674','2017-08-14 05:09:13.826708');
INSERT INTO "oauth2_provider_refreshtoken" VALUES(300,'3pelZDe4Rb4FU7ZJXmUFeB2rhgsXfJ',300,1,4,'2017-08-14 05:09:13.956491','2017-08-14 05:09:13.956547');
INSERT INTO "oauth2_provider_refreshtoken" VALUES(301,'Zu8laHY7z4QSwIUwG6uln1RusS2Chb',301,1,5,'2017-08-14 05:09:14.012129','2017-08-14 05:09:14.012162');
INSERT INTO "oauth2_provider_refreshtoken" VALUES(302,'edP8tqpwIdOrhdcGFMhlIYhzNcFOVZ',302,1,5,'2017-08-14 05:09:48.585965','2017-08-14 05:09:48.586001');
INSERT INTO "oauth2_provider_refreshtoken" VALUES(303,'Wr6JaLLk61q1IlooxgY6kavExHUESy',303,1,4,'2017-08-14 05:09:48.713064','2017-08-14 05:09:48.713099');
INSERT INTO "oauth2_provider_refreshtoken" VALUES(304,'iTeoZa9xKD7295gBh2k17exzSR0pY2',304,1,5,'2017-08-14 05:09:48.775563','2017-08-14 05:09:48.775594');
INSERT INTO "oauth2_provider_refreshtoken" VALUES(305,'Pj2Y5UFG5Ve2voY4cSx7gpY1Tm0S8W',305,1,5,'2017-08-14 05:10:16.406611','2017-08-14 05:10:16.406645');
INSERT INTO "oauth2_provider_refreshtoken" VALUES(306,'wfo7urFNxMj1VoJaUzogvlaIhQzidf',306,1,4,'2017-08-14 05:10:16.535711','2017-08-14 05:10:16.535744');
INSERT INTO "oauth2_provider_refreshtoken" VALUES(307,'HbjyKIb4RNNBJiocRuTu8aFLtbhmj3',307,1,5,'2017-08-14 05:10:16.589943','2017-08-14 05:10:16.589976');
INSERT INTO "oauth2_provider_refreshtoken" VALUES(308,'zVKXqMKIMWB0Z9CvULFZEMFp8Qbjd5',308,1,5,'2017-08-14 05:10:59.340025','2017-08-14 05:10:59.340057');
INSERT INTO "oauth2_provider_refreshtoken" VALUES(309,'noywtYYiTxVemFPkAY5B4gVhwRDyit',309,1,4,'2017-08-14 05:10:59.466927','2017-08-14 05:10:59.466959');
INSERT INTO "oauth2_provider_refreshtoken" VALUES(310,'6luRp1SsMXVZmkP6ekE8XYcH1mFdeg',310,1,5,'2017-08-14 05:10:59.522579','2017-08-14 05:10:59.522611');
INSERT INTO "oauth2_provider_refreshtoken" VALUES(311,'dMBbP0OeOMwuGOOwrDPC66SXGN5DHF',311,1,5,'2017-08-14 05:12:28.765893','2017-08-14 05:12:28.765924');
INSERT INTO "oauth2_provider_refreshtoken" VALUES(312,'N0PlOAWudWSuhyUaKpAzBIGGqpXfzT',312,1,4,'2017-08-14 05:12:28.893593','2017-08-14 05:12:28.893625');
INSERT INTO "oauth2_provider_refreshtoken" VALUES(313,'pZYJj3415wPypFCxW2Ef8zsyJdCWBV',313,1,5,'2017-08-14 05:12:28.948348','2017-08-14 05:12:28.948380');
INSERT INTO "oauth2_provider_refreshtoken" VALUES(314,'o6IiyVA52tJeSrs799HEeZiUTLbzbP',314,1,5,'2017-08-14 05:15:24.054869','2017-08-14 05:15:24.054900');
INSERT INTO "oauth2_provider_refreshtoken" VALUES(315,'DLJTAZgpfrG7lA93asxzKC7uQTcPXZ',315,1,5,'2017-08-14 05:15:30.577103','2017-08-14 05:15:30.577135');
INSERT INTO "oauth2_provider_refreshtoken" VALUES(317,'61ADsYLro0Kl7qloLwYfgCSIbC13FB',317,1,5,'2017-08-14 05:15:56.634707','2017-08-14 05:15:56.634738');
INSERT INTO "oauth2_provider_refreshtoken" VALUES(319,'QE9NapLhejm9wjEHAU7f6zLySbW8hX',319,1,5,'2017-08-14 05:16:32.483339','2017-08-14 05:16:32.483370');
INSERT INTO "oauth2_provider_refreshtoken" VALUES(320,'zj9xpgsTiUuCtaBfkaLyQUBjCncHpX',320,1,4,'2017-08-14 05:16:32.605511','2017-08-14 05:16:32.605543');
INSERT INTO "oauth2_provider_refreshtoken" VALUES(321,'s5sDMeXT1Emtb0BkTckco8gNF6LhUx',321,1,5,'2017-08-14 05:16:32.659071','2017-08-14 05:16:32.659105');
INSERT INTO "oauth2_provider_refreshtoken" VALUES(323,'YMyjTI8N7LAM1SqDiYDOt6V8k8CWyi',323,1,5,'2017-08-14 05:16:41.126106','2017-08-14 05:16:41.126137');
INSERT INTO "oauth2_provider_refreshtoken" VALUES(324,'tFv8bdy1sCYyfuaS7NHvRdm563raW6',324,1,4,'2017-08-14 05:16:41.261544','2017-08-14 05:16:41.261578');
INSERT INTO "oauth2_provider_refreshtoken" VALUES(325,'rNxzg8fwr6IDvvHI4fIxAKBPSzn6Kw',325,1,5,'2017-08-14 05:16:41.315718','2017-08-14 05:16:41.315750');
INSERT INTO "oauth2_provider_refreshtoken" VALUES(327,'lxQBzDlIwe3sFV06ZjB9GehO5Xbiqe',327,1,5,'2017-08-14 05:17:00.846239','2017-08-14 05:17:00.846270');
INSERT INTO "oauth2_provider_refreshtoken" VALUES(328,'h9DjX8k0ru3TtZw0jSFl6z7Ywo0cqU',328,1,4,'2017-08-14 05:17:00.962144','2017-08-14 05:17:00.962174');
INSERT INTO "oauth2_provider_refreshtoken" VALUES(329,'moNUJ5NrDEEVwHmttuBTthNF7ELbp3',329,1,5,'2017-08-14 05:17:01.029716','2017-08-14 05:17:01.029763');
INSERT INTO "oauth2_provider_refreshtoken" VALUES(331,'7fgMykkntUF3dI0SyieFQe63kSbDzC',331,1,5,'2017-08-14 05:17:42.931741','2017-08-14 05:17:42.931773');
INSERT INTO "oauth2_provider_refreshtoken" VALUES(332,'kSaXqkPL2d1ErWFko9ZIOQKSoqf2EI',332,1,4,'2017-08-14 05:17:43.049698','2017-08-14 05:17:43.049745');
INSERT INTO "oauth2_provider_refreshtoken" VALUES(333,'SNQY8FEUYLEE7MwgLZdJESmTHVatYP',333,1,5,'2017-08-14 05:17:43.113918','2017-08-14 05:17:43.113950');
INSERT INTO "oauth2_provider_refreshtoken" VALUES(335,'f1eYh16khkoLtqYcLiYXsFx4r3mldW',335,1,5,'2017-08-14 05:19:16.502870','2017-08-14 05:19:16.502903');
INSERT INTO "oauth2_provider_refreshtoken" VALUES(336,'NH6y1ELUmD11p7XzVjohxOfJxwGMcB',336,1,4,'2017-08-14 05:19:16.619180','2017-08-14 05:19:16.619215');
INSERT INTO "oauth2_provider_refreshtoken" VALUES(337,'vsqB9ENAH3q7J8aUxuwTD84VY41Qxy',337,1,5,'2017-08-14 05:19:16.672745','2017-08-14 05:19:16.672777');
INSERT INTO "oauth2_provider_refreshtoken" VALUES(339,'43cxKvV8ApVFMjblBSlL7pQ4Fhu3bD',339,1,5,'2017-08-14 05:26:51.851259','2017-08-14 05:26:51.851290');
INSERT INTO "oauth2_provider_refreshtoken" VALUES(340,'sKKUQWzmxGJ7FLTEEHZSw3aYQm2Lvc',340,1,4,'2017-08-14 05:26:51.997827','2017-08-14 05:26:51.997858');
INSERT INTO "oauth2_provider_refreshtoken" VALUES(341,'HmEMKIUVMVEsDTKDmveZYDR0tztXOV',341,1,5,'2017-08-14 05:26:52.057684','2017-08-14 05:26:52.057715');
INSERT INTO "oauth2_provider_refreshtoken" VALUES(343,'hOQRpdGGYebsmDeIFZQO1HitBkHZi5',343,1,5,'2017-08-14 05:27:16.189831','2017-08-14 05:27:16.189867');
INSERT INTO "oauth2_provider_refreshtoken" VALUES(344,'EtdUsJWqustVZ7P9ZnmJBIqQoMypQJ',344,1,4,'2017-08-14 05:27:16.325527','2017-08-14 05:27:16.325557');
INSERT INTO "oauth2_provider_refreshtoken" VALUES(345,'YoIKAuVo2WpvYjj8Jwry7TXRWaSTAV',345,1,5,'2017-08-14 05:27:16.379731','2017-08-14 05:27:16.379766');
INSERT INTO "oauth2_provider_refreshtoken" VALUES(347,'Zv4i6O45efygEwYQTnF5LJ2WAqXHM8',347,1,5,'2017-08-14 05:27:28.212192','2017-08-14 05:27:28.212224');
INSERT INTO "oauth2_provider_refreshtoken" VALUES(348,'MPtd3neu9mKreMJZBuHvsIRQDfx2Ze',348,1,4,'2017-08-14 05:27:28.329398','2017-08-14 05:27:28.329429');
INSERT INTO "oauth2_provider_refreshtoken" VALUES(349,'XdBU5FrQJzze1hlad0S1b2sTR1F6At',349,1,5,'2017-08-14 05:27:28.384036','2017-08-14 05:27:28.384068');
INSERT INTO "oauth2_provider_refreshtoken" VALUES(351,'aC1buOJi8fJ1YKrNtys8rqsEgtVVD0',351,1,5,'2017-08-14 05:27:53.689798','2017-08-14 05:27:53.689832');
INSERT INTO "oauth2_provider_refreshtoken" VALUES(352,'yKOHxtYRNB0IfTvua3ztyNvAUQGtRu',352,1,4,'2017-08-14 05:27:53.803308','2017-08-14 05:27:53.803341');
INSERT INTO "oauth2_provider_refreshtoken" VALUES(353,'PLlU1a627ESE0amVFxdAiz5gt14AqI',353,1,5,'2017-08-14 05:27:53.856338','2017-08-14 05:27:53.856372');
INSERT INTO "oauth2_provider_refreshtoken" VALUES(355,'YPQAdIw1hxHXKgJO8v46DSEOlNHdCu',355,1,5,'2017-08-14 05:28:22.922610','2017-08-14 05:28:22.922641');
INSERT INTO "oauth2_provider_refreshtoken" VALUES(356,'daVs8p0hNsqqDrNjo7DIJ2ljoQ6G2t',356,1,4,'2017-08-14 05:28:23.038557','2017-08-14 05:28:23.038588');
INSERT INTO "oauth2_provider_refreshtoken" VALUES(357,'acJjQ4XRERH3pVnEprPUq9y5du5h4Z',357,1,5,'2017-08-14 05:28:23.094821','2017-08-14 05:28:23.094852');
INSERT INTO "oauth2_provider_refreshtoken" VALUES(359,'A2nmRKx1uiJQW4AfoUy80SlJxNWIjq',359,1,5,'2017-08-14 05:28:52.716779','2017-08-14 05:28:52.716809');
INSERT INTO "oauth2_provider_refreshtoken" VALUES(360,'A3pbcYciYaIVstaNPBBOoOKvHEy0h5',360,1,4,'2017-08-14 05:28:52.833534','2017-08-14 05:28:52.833566');
INSERT INTO "oauth2_provider_refreshtoken" VALUES(361,'vpOYKRnjgKhbcaOLaw3skyzfe915nZ',361,1,5,'2017-08-14 05:28:52.886945','2017-08-14 05:28:52.886977');
INSERT INTO "oauth2_provider_refreshtoken" VALUES(362,'nn6pvmhPN14bW8IrYrdOsCipOZGHNe',362,1,5,'2017-08-14 05:30:21.314419','2017-08-14 05:30:21.314452');
INSERT INTO "oauth2_provider_refreshtoken" VALUES(363,'AerSFRKDw9r60tyAfKKohVEQ3VbuQh',363,1,4,'2017-08-14 05:30:21.580050','2017-08-14 05:30:21.580082');
INSERT INTO "oauth2_provider_refreshtoken" VALUES(364,'lf7WDsFuPZPRmjxEvWewb4eZ4Nj7W2',364,1,5,'2017-08-14 05:30:21.709761','2017-08-14 05:30:21.709791');
INSERT INTO "oauth2_provider_refreshtoken" VALUES(366,'jx0yDfTn2MYZHHrffDTY4P3QjkLAn5',366,1,5,'2017-08-14 05:30:36.775930','2017-08-14 05:30:36.775960');
INSERT INTO "oauth2_provider_refreshtoken" VALUES(367,'bPTW1lHznjhP9MOLjFVuUe9R2mdsoQ',367,1,4,'2017-08-14 05:30:36.967716','2017-08-14 05:30:36.967748');
INSERT INTO "oauth2_provider_refreshtoken" VALUES(368,'TJ8uDW0Xurh4BIAwneiK5gZ9SBLnCw',368,1,5,'2017-08-14 05:30:37.022372','2017-08-14 05:30:37.022403');
INSERT INTO "oauth2_provider_refreshtoken" VALUES(370,'94jVhM0HFFlA0UK7VBBi1O13JWaxXa',370,1,5,'2017-08-14 05:31:08.026459','2017-08-14 05:31:08.026495');
INSERT INTO "oauth2_provider_refreshtoken" VALUES(371,'AKciXW0FNtanEEnRIgqnqap9yIb2ba',371,1,4,'2017-08-14 05:31:08.143923','2017-08-14 05:31:08.143954');
INSERT INTO "oauth2_provider_refreshtoken" VALUES(372,'KLKOVi8ddEZXIfW4TA1obL8tPj8X2n',372,1,5,'2017-08-14 05:31:08.197566','2017-08-14 05:31:08.197597');
INSERT INTO "oauth2_provider_refreshtoken" VALUES(373,'0Det37XDxpRXkwXDYoDp3PzzmC4PSV',373,1,5,'2017-08-14 05:31:35.979909','2017-08-14 05:31:35.979942');
INSERT INTO "oauth2_provider_refreshtoken" VALUES(374,'QFqC1Y6aUVzwf8ySP8Jzu6cKCUtZkI',374,1,4,'2017-08-14 05:31:36.245999','2017-08-14 05:31:36.246113');
INSERT INTO "oauth2_provider_refreshtoken" VALUES(375,'3ufb1mO8P5wzGeY49aec25BFMr3LSQ',375,1,5,'2017-08-14 05:31:36.374961','2017-08-14 05:31:36.374993');
INSERT INTO "oauth2_provider_refreshtoken" VALUES(377,'ryFuxlUnu1LQ0kTjbBMkUzToAX4Jxx',377,1,5,'2017-08-14 05:31:50.046177','2017-08-14 05:31:50.046207');
INSERT INTO "oauth2_provider_refreshtoken" VALUES(378,'7GncwXhEPsl9AfBLlZGiwXduhF4jif',378,1,4,'2017-08-14 05:31:50.184420','2017-08-14 05:31:50.184453');
INSERT INTO "oauth2_provider_refreshtoken" VALUES(379,'Z7oU4QU7NsDzCCJPUObsKzTJJuV19C',379,1,5,'2017-08-14 05:31:50.239580','2017-08-14 05:31:50.239615');
INSERT INTO "oauth2_provider_refreshtoken" VALUES(381,'1iUSdMQ7P2P03FsgMkcwqGObnuLMwu',381,1,5,'2017-08-14 05:32:30.392444','2017-08-14 05:32:30.392477');
INSERT INTO "oauth2_provider_refreshtoken" VALUES(382,'q0ZLnSxsMzSK1WbbzejPlnV9BcUuhn',382,1,4,'2017-08-14 05:32:30.512050','2017-08-14 05:32:30.512087');
INSERT INTO "oauth2_provider_refreshtoken" VALUES(383,'B3NcLY4JP4aXQxV0ni000SCltQFQrh',383,1,5,'2017-08-14 05:32:30.566382','2017-08-14 05:32:30.566415');
INSERT INTO "oauth2_provider_refreshtoken" VALUES(384,'gd448d8JySjV5zDTTHauGazLLLf3jz',384,1,5,'2017-08-14 05:33:16.711566','2017-08-14 05:33:16.711604');
INSERT INTO "oauth2_provider_refreshtoken" VALUES(385,'rukdkBQH4QWvPCYlnpwVAZHCYBjIui',385,1,4,'2017-08-14 05:33:16.994995','2017-08-14 05:33:16.995027');
INSERT INTO "oauth2_provider_refreshtoken" VALUES(386,'jdZVdVjmrbiZDOjhRYS92AN31bMT5b',386,1,5,'2017-08-14 05:33:17.136775','2017-08-14 05:33:17.136805');
INSERT INTO "oauth2_provider_refreshtoken" VALUES(387,'p6Y9JyUsHEn09myS6oQNfv6VdRXjvA',387,1,5,'2017-08-14 05:35:05.272394','2017-08-14 05:35:05.272427');
INSERT INTO "oauth2_provider_refreshtoken" VALUES(388,'lFw9JO3uupSuAFhyHmQdn5XelvFYHC',388,1,4,'2017-08-14 05:35:05.394691','2017-08-14 05:35:05.394723');
INSERT INTO "oauth2_provider_refreshtoken" VALUES(389,'sIW7JZZ6VWNUXsr36UM3RYIooEQRHP',389,1,5,'2017-08-14 05:35:05.449451','2017-08-14 05:35:05.449483');
INSERT INTO "oauth2_provider_refreshtoken" VALUES(390,'hgTvNxy1qxckeAHVrBZIlILAPZj2OW',390,1,5,'2017-08-14 05:38:14.263875','2017-08-14 05:38:14.263908');
INSERT INTO "oauth2_provider_refreshtoken" VALUES(391,'rHTNvHyNbH9FkHk20TMzeCnkh7Sc8P',391,1,4,'2017-08-14 05:38:14.381435','2017-08-14 05:38:14.381466');
INSERT INTO "oauth2_provider_refreshtoken" VALUES(392,'nFNon2GVEMxJwYuCFga5gtUSonMa3G',392,1,5,'2017-08-14 05:38:14.435216','2017-08-14 05:38:14.435247');
INSERT INTO "oauth2_provider_refreshtoken" VALUES(393,'hrsGXoFJ5rtavzPhjXpVnpC2lWRalg',393,1,6,'2017-08-14 05:41:43.965727','2017-08-14 05:41:43.965774');
INSERT INTO "oauth2_provider_refreshtoken" VALUES(394,'mXDYEZ2kuqvqKBWTRWE4zcRwwPr649',394,1,4,'2017-08-14 05:41:44.235377','2017-08-14 05:41:44.235413');
INSERT INTO "oauth2_provider_refreshtoken" VALUES(395,'2iuw81lKgWVfhKzOt1D2PYQJ0YeUSL',395,1,5,'2017-08-14 05:41:44.362361','2017-08-14 05:41:44.362392');
INSERT INTO "oauth2_provider_refreshtoken" VALUES(396,'o6EUaGNjLzrfp4yegZ6UmWQbdc1FYt',396,1,6,'2017-08-14 05:42:12.525092','2017-08-14 05:42:12.525200');
INSERT INTO "oauth2_provider_refreshtoken" VALUES(397,'LVcJoadWbY2ju1S3vdRBqsORRgF9yB',397,1,4,'2017-08-14 05:42:12.641577','2017-08-14 05:42:12.641609');
INSERT INTO "oauth2_provider_refreshtoken" VALUES(398,'8bxJU6MjbI71vR1Ztpc5BdHVOorjqr',398,1,5,'2017-08-14 05:42:12.697889','2017-08-14 05:42:12.697924');
INSERT INTO "oauth2_provider_refreshtoken" VALUES(399,'f2yqEz4rcYkfjIQaZ6YMZYbzSr4uGQ',399,1,6,'2017-08-14 05:43:37.634261','2017-08-14 05:43:37.634294');
INSERT INTO "oauth2_provider_refreshtoken" VALUES(400,'BMQWCxZMAVq0j6fwKp8NpmMILpM7ck',400,1,4,'2017-08-14 05:43:37.752058','2017-08-14 05:43:37.752091');
INSERT INTO "oauth2_provider_refreshtoken" VALUES(401,'KryXsdmS6Atd9LX0vPWwAUhnr5FJKR',401,1,5,'2017-08-14 05:43:37.806665','2017-08-14 05:43:37.806697');
INSERT INTO "oauth2_provider_refreshtoken" VALUES(403,'Texkzy2Ew1PxQyPwEmNQ0QY0js8wZe',403,1,6,'2017-08-14 05:46:02.201388','2017-08-14 05:46:02.201419');
INSERT INTO "oauth2_provider_refreshtoken" VALUES(404,'IP66rcOsmTvBaN0qrXNnLhHWyEb2SA',404,1,4,'2017-08-14 05:46:02.317713','2017-08-14 05:46:02.317755');
INSERT INTO "oauth2_provider_refreshtoken" VALUES(405,'XG6rsMYW1N26ERibZK6AQSy9ONMk8c',405,1,5,'2017-08-14 05:46:02.376454','2017-08-14 05:46:02.376491');
INSERT INTO "oauth2_provider_refreshtoken" VALUES(407,'zGsPKSMPGI8n09olBdeXeoAAKC8Ddx',407,1,6,'2017-08-14 05:47:13.086718','2017-08-14 05:47:13.086749');
INSERT INTO "oauth2_provider_refreshtoken" VALUES(408,'Tb1h56H52w9HGKQrv9Xnt3yfcKkpuP',408,1,4,'2017-08-14 05:47:13.207333','2017-08-14 05:47:13.207367');
INSERT INTO "oauth2_provider_refreshtoken" VALUES(409,'nzVUx1G3zz5Gvj29yxFVoO9fIGQeqO',409,1,5,'2017-08-14 05:47:13.265661','2017-08-14 05:47:13.265692');
INSERT INTO "oauth2_provider_refreshtoken" VALUES(410,'CrXd164CBQeUI8Xi998pjlnS1ZYVYB',410,1,6,'2017-08-14 05:49:14.745149','2017-08-14 05:49:14.745183');
INSERT INTO "oauth2_provider_refreshtoken" VALUES(411,'Hv4NZsEbB4EWo214JW62Q6tzCRt9C1',411,1,4,'2017-08-14 05:49:15.017029','2017-08-14 05:49:15.017061');
INSERT INTO "oauth2_provider_refreshtoken" VALUES(412,'tzTFsefs4Qz27Z9rcEyHhAsKPzwXmw',412,1,5,'2017-08-14 05:49:15.150910','2017-08-14 05:49:15.150943');
INSERT INTO "oauth2_provider_refreshtoken" VALUES(414,'Hf93KBv0TAdRjBXOJm3BapC1cYrPVQ',414,1,6,'2017-08-14 05:49:29.047373','2017-08-14 05:49:29.047404');
INSERT INTO "oauth2_provider_refreshtoken" VALUES(415,'rw1AHV14yAGwb3YWUTuQm8nYWk0bgw',415,1,4,'2017-08-14 05:49:29.165715','2017-08-14 05:49:29.165756');
INSERT INTO "oauth2_provider_refreshtoken" VALUES(416,'ELh7zs4PNkUP32lzM7yONcnQPni4BK',416,1,5,'2017-08-14 05:49:29.222701','2017-08-14 05:49:29.222733');
INSERT INTO "oauth2_provider_refreshtoken" VALUES(418,'LZYNKgcMGL0mvdbWK9beBW6QukfnUu',418,1,6,'2017-08-14 05:50:33.407607','2017-08-14 05:50:33.407639');
INSERT INTO "oauth2_provider_refreshtoken" VALUES(419,'2t0M1WBGlHOElmIkPG4Jumg2Wg8dfu',419,1,4,'2017-08-14 05:50:33.524745','2017-08-14 05:50:33.524779');
INSERT INTO "oauth2_provider_refreshtoken" VALUES(420,'l13qVaPIRlz6QNlatB7iZ5VBCBHye0',420,1,5,'2017-08-14 05:50:33.579130','2017-08-14 05:50:33.579162');
INSERT INTO "oauth2_provider_refreshtoken" VALUES(422,'faF2OzVlkE4ZScO9FLWU3Ikf9qNl2T',422,1,6,'2017-08-14 05:51:40.382443','2017-08-14 05:51:40.382474');
INSERT INTO "oauth2_provider_refreshtoken" VALUES(423,'jSlckqssdazhudcQQXxkkeagTMJxf9',423,1,4,'2017-08-14 05:51:40.500460','2017-08-14 05:51:40.500492');
INSERT INTO "oauth2_provider_refreshtoken" VALUES(424,'BFMx6uRe9cbipBd8snhwCBEwVeIpKK',424,1,5,'2017-08-14 05:51:40.557960','2017-08-14 05:51:40.557994');
INSERT INTO "oauth2_provider_refreshtoken" VALUES(426,'THvilEZPMkPTb4yUuBlwfrUReQwIw2',426,1,6,'2017-08-14 05:51:51.157384','2017-08-14 05:51:51.157416');
INSERT INTO "oauth2_provider_refreshtoken" VALUES(427,'zRyrmAElxucz2tnYVIs9akiqsHoiaB',427,1,4,'2017-08-14 05:51:51.276858','2017-08-14 05:51:51.276892');
INSERT INTO "oauth2_provider_refreshtoken" VALUES(428,'yX0SZHkQg9zPJVDMYpjpYUMB9NWhXX',428,1,5,'2017-08-14 05:51:51.332974','2017-08-14 05:51:51.333007');
INSERT INTO "oauth2_provider_refreshtoken" VALUES(430,'OiFg9DXefIg815cGuBQPE7gJFYXs9n',430,1,6,'2017-08-14 05:52:01.396045','2017-08-14 05:52:01.396081');
INSERT INTO "oauth2_provider_refreshtoken" VALUES(431,'0UIFVJQGET5Y1axlRze3WUNphKw042',431,1,4,'2017-08-14 05:52:01.513082','2017-08-14 05:52:01.513117');
INSERT INTO "oauth2_provider_refreshtoken" VALUES(432,'ijyBbWinza15tvqaOfYOfngGNxYJmX',432,1,5,'2017-08-14 05:52:01.574704','2017-08-14 05:52:01.574736');
INSERT INTO "oauth2_provider_refreshtoken" VALUES(434,'39QuYmjEfjz5NlGlVGyZgIW8ADyLef',434,1,6,'2017-08-14 05:52:21.748952','2017-08-14 05:52:21.748983');
INSERT INTO "oauth2_provider_refreshtoken" VALUES(435,'NS5cGhjvpJpMypalhZxpavj7hZwH6Q',435,1,4,'2017-08-14 05:52:21.868372','2017-08-14 05:52:21.868404');
INSERT INTO "oauth2_provider_refreshtoken" VALUES(436,'ZVIBwqteZP8zI0Z5LChdPT6CTOGDiI',436,1,5,'2017-08-14 05:52:21.926180','2017-08-14 05:52:21.926212');
INSERT INTO "oauth2_provider_refreshtoken" VALUES(438,'qEQUwty9SOJouqPHMtVDSG8izMR8g5',438,1,6,'2017-08-14 05:53:01.140369','2017-08-14 05:53:01.140400');
INSERT INTO "oauth2_provider_refreshtoken" VALUES(439,'0qsoBEYLfNQskRBx6TrLRZpsEjZMfq',439,1,4,'2017-08-14 05:53:01.258216','2017-08-14 05:53:01.258249');
INSERT INTO "oauth2_provider_refreshtoken" VALUES(440,'oBerSsg0uHTY21GzePCCA4CM1f2JjV',440,1,5,'2017-08-14 05:53:01.314773','2017-08-14 05:53:01.314805');
INSERT INTO "oauth2_provider_refreshtoken" VALUES(442,'Ews3QzkxnUEMxJD7MnBpRCPNR1uCYK',442,1,6,'2017-08-14 05:54:17.912153','2017-08-14 05:54:17.912185');
INSERT INTO "oauth2_provider_refreshtoken" VALUES(443,'tUf5hufmyxQ6y6kwLYhvjoc4GvZSuu',443,1,4,'2017-08-14 05:54:18.030693','2017-08-14 05:54:18.030725');
INSERT INTO "oauth2_provider_refreshtoken" VALUES(444,'qkMywVPxfD1mRoK6mDyuEUeQj4a2RM',444,1,5,'2017-08-14 05:54:18.090869','2017-08-14 05:54:18.090902');
INSERT INTO "oauth2_provider_refreshtoken" VALUES(446,'yrPnc0qP1q293FWzksOdqYM7PuO8lV',446,1,6,'2017-08-14 05:55:11.421828','2017-08-14 05:55:11.421881');
INSERT INTO "oauth2_provider_refreshtoken" VALUES(447,'Acm9gXcTxV3pX2aAQgLLFxAVfxnVbE',447,1,4,'2017-08-14 05:55:11.540034','2017-08-14 05:55:11.540067');
INSERT INTO "oauth2_provider_refreshtoken" VALUES(448,'yhoa7d2XukCXOdsCdfdl52zhKOnY2D',448,1,5,'2017-08-14 05:55:11.606044','2017-08-14 05:55:11.606076');
INSERT INTO "oauth2_provider_refreshtoken" VALUES(450,'RftOSljzX4w6v5XVLrezQ39ye2WX9N',450,1,6,'2017-08-14 05:56:13.856662','2017-08-14 05:56:13.856695');
INSERT INTO "oauth2_provider_refreshtoken" VALUES(451,'fXgCCb1dgsv0qNv1jOeZQUPhcjw6Ok',451,1,4,'2017-08-14 05:56:13.972273','2017-08-14 05:56:13.972307');
INSERT INTO "oauth2_provider_refreshtoken" VALUES(452,'vXfScLRRFBVEG1iI1odK4hsI68MUtW',452,1,5,'2017-08-14 05:56:14.028633','2017-08-14 05:56:14.028665');
INSERT INTO "oauth2_provider_refreshtoken" VALUES(454,'8L7gmJCBjEk0V6vNPomESFFTALf9Qp',454,1,6,'2017-08-14 05:58:00.306728','2017-08-14 05:58:00.306760');
INSERT INTO "oauth2_provider_refreshtoken" VALUES(455,'WEKm02Shrv8j9JFUnzfsxHwADwfm6Y',455,1,4,'2017-08-14 05:58:00.437632','2017-08-14 05:58:00.437665');
INSERT INTO "oauth2_provider_refreshtoken" VALUES(456,'nEJW2feK7q56tkYansx0iVnGa2gGwE',456,1,5,'2017-08-14 05:58:00.494604','2017-08-14 05:58:00.494636');
INSERT INTO "oauth2_provider_refreshtoken" VALUES(457,'nUPE4pMhyOj79Jh8ZojJLQqogcaaS8',457,1,5,'2017-08-14 05:58:00.549506','2017-08-14 05:58:00.549538');
INSERT INTO "oauth2_provider_refreshtoken" VALUES(459,'pHRdscR2odp4AVWvZAaE1SpNjjzuDA',459,1,6,'2017-08-14 05:59:14.770915','2017-08-14 05:59:14.770946');
INSERT INTO "oauth2_provider_refreshtoken" VALUES(460,'uC8c20cwqU7BzKw3N1pDhXdfNzYmkd',460,1,4,'2017-08-14 05:59:14.915528','2017-08-14 05:59:14.915560');
INSERT INTO "oauth2_provider_refreshtoken" VALUES(461,'TjNLOgZSZyJQQoS5ZK7xBgLlivZngP',461,1,5,'2017-08-14 05:59:14.972929','2017-08-14 05:59:14.972961');
INSERT INTO "oauth2_provider_refreshtoken" VALUES(462,'P8NWhP65zgIroPCQW6qkrqTwuOzrWm',462,1,5,'2017-08-14 05:59:15.028662','2017-08-14 05:59:15.028693');
INSERT INTO "oauth2_provider_refreshtoken" VALUES(464,'Wzx65UfLTJ9yH2DY9WonAHq82mCPK0',464,1,6,'2017-08-14 05:59:30.127371','2017-08-14 05:59:30.127402');
INSERT INTO "oauth2_provider_refreshtoken" VALUES(465,'Cb1qmDbHYZuocZQBnHVJcyfJSrUFvn',465,1,4,'2017-08-14 05:59:30.243178','2017-08-14 05:59:30.243210');
INSERT INTO "oauth2_provider_refreshtoken" VALUES(466,'jATSVXeaGH5xC9NQA1nUxupXtZLamN',466,1,5,'2017-08-14 05:59:30.297667','2017-08-14 05:59:30.297701');
INSERT INTO "oauth2_provider_refreshtoken" VALUES(467,'WAjmGh44ZjrihfiqNo9kzeFIqnYbBA',467,1,5,'2017-08-14 05:59:30.353096','2017-08-14 05:59:30.353133');
INSERT INTO "oauth2_provider_refreshtoken" VALUES(469,'rZf95sPytmq0VnNXoZflpglOt7Ja77',469,1,6,'2017-08-14 06:06:28.230106','2017-08-14 06:06:28.230136');
INSERT INTO "oauth2_provider_refreshtoken" VALUES(470,'hyP1EmlzS6ggaVJYKRFHwrG8EHJJ5a',470,1,4,'2017-08-14 06:06:28.425442','2017-08-14 06:06:28.425473');
INSERT INTO "oauth2_provider_refreshtoken" VALUES(471,'LdKKhqxvyUZX2Ptg3UgzEsbcX4RlZS',471,1,5,'2017-08-14 06:06:28.555934','2017-08-14 06:06:28.555965');
INSERT INTO "oauth2_provider_refreshtoken" VALUES(472,'5eaFjq09KvcoLHXjMfqOvb7m5cxuI2',472,1,5,'2017-08-14 06:06:28.683874','2017-08-14 06:06:28.683905');
INSERT INTO "oauth2_provider_refreshtoken" VALUES(474,'ubPZhKH7ruQK2o9NBnRthfH7wvfo8q',474,1,6,'2017-08-14 06:06:49.289267','2017-08-14 06:06:49.289313');
INSERT INTO "oauth2_provider_refreshtoken" VALUES(475,'P9A4sjgl9DyGXMqZiGEJgRMt7MF09r',475,1,4,'2017-08-14 06:06:49.405711','2017-08-14 06:06:49.405753');
INSERT INTO "oauth2_provider_refreshtoken" VALUES(476,'jsTUC3lEXeWQUPPsxI2ZIridcSxJxf',476,1,5,'2017-08-14 06:06:49.462498','2017-08-14 06:06:49.462530');
INSERT INTO "oauth2_provider_refreshtoken" VALUES(477,'lGCsYuZskpPgfBhOIWRobxblBPEjEC',477,1,5,'2017-08-14 06:06:49.530909','2017-08-14 06:06:49.530941');
DELETE FROM sqlite_sequence;
INSERT INTO "sqlite_sequence" VALUES('django_migrations',19);
INSERT INTO "sqlite_sequence" VALUES('django_admin_log',13);
INSERT INTO "sqlite_sequence" VALUES('django_content_type',12);
INSERT INTO "sqlite_sequence" VALUES('auth_permission',36);
INSERT INTO "sqlite_sequence" VALUES('auth_user',6);
INSERT INTO "sqlite_sequence" VALUES('henry_dob',10);
INSERT INTO "sqlite_sequence" VALUES('auth_group',3);
INSERT INTO "sqlite_sequence" VALUES('auth_user_groups',6);
INSERT INTO "sqlite_sequence" VALUES('oauth2_provider_accesstoken',477);
INSERT INTO "sqlite_sequence" VALUES('oauth2_provider_application',1);
INSERT INTO "sqlite_sequence" VALUES('oauth2_provider_grant',0);
INSERT INTO "sqlite_sequence" VALUES('oauth2_provider_refreshtoken',477);
CREATE UNIQUE INDEX "auth_group_permissions_group_id_permission_id_0cd325b0_uniq" ON "auth_group_permissions" ("group_id", "permission_id");
CREATE INDEX "auth_group_permissions_group_id_b120cbf9" ON "auth_group_permissions" ("group_id");
CREATE INDEX "auth_group_permissions_permission_id_84c5c92e" ON "auth_group_permissions" ("permission_id");
CREATE UNIQUE INDEX "auth_user_groups_user_id_group_id_94350c0c_uniq" ON "auth_user_groups" ("user_id", "group_id");
CREATE INDEX "auth_user_groups_user_id_6a12ed8b" ON "auth_user_groups" ("user_id");
CREATE INDEX "auth_user_groups_group_id_97559544" ON "auth_user_groups" ("group_id");
CREATE UNIQUE INDEX "auth_user_user_permissions_user_id_permission_id_14a6b632_uniq" ON "auth_user_user_permissions" ("user_id", "permission_id");
CREATE INDEX "auth_user_user_permissions_user_id_a95ead1b" ON "auth_user_user_permissions" ("user_id");
CREATE INDEX "auth_user_user_permissions_permission_id_1fbb5f2c" ON "auth_user_user_permissions" ("permission_id");
CREATE INDEX "django_admin_log_content_type_id_c4bce8eb" ON "django_admin_log" ("content_type_id");
CREATE INDEX "django_admin_log_user_id_c564eba6" ON "django_admin_log" ("user_id");
CREATE UNIQUE INDEX "django_content_type_app_label_model_76bd3d3b_uniq" ON "django_content_type" ("app_label", "model");
CREATE UNIQUE INDEX "auth_permission_content_type_id_codename_01ab375a_uniq" ON "auth_permission" ("content_type_id", "codename");
CREATE INDEX "auth_permission_content_type_id_2f476e4b" ON "auth_permission" ("content_type_id");
CREATE INDEX "django_session_expire_date_a5c62663" ON "django_session" ("expire_date");
CREATE INDEX "oauth2_provider_accesstoken_application_id_b22886e1" ON "oauth2_provider_accesstoken" ("application_id");
CREATE INDEX "oauth2_provider_accesstoken_user_id_6e4c9a65" ON "oauth2_provider_accesstoken" ("user_id");
CREATE INDEX "oauth2_provider_application_client_secret_53133678" ON "oauth2_provider_application" ("client_secret");
CREATE INDEX "oauth2_provider_application_user_id_79829054" ON "oauth2_provider_application" ("user_id");
CREATE INDEX "oauth2_provider_grant_application_id_81923564" ON "oauth2_provider_grant" ("application_id");
CREATE INDEX "oauth2_provider_grant_user_id_e8f62af8" ON "oauth2_provider_grant" ("user_id");
CREATE INDEX "oauth2_provider_refreshtoken_application_id_2d1c311b" ON "oauth2_provider_refreshtoken" ("application_id");
CREATE INDEX "oauth2_provider_refreshtoken_user_id_da837fce" ON "oauth2_provider_refreshtoken" ("user_id");
COMMIT;
